[kaggle_environments.envs.open_spiel_env.open_spiel_env] INFO: Successfully loaded OpenSpiel environments: 41.
[kaggle_environments.envs.open_spiel_env.open_spiel_env] INFO: OpenSpiel games skipped: 0.
Loading 42 agents: avikdas567_heuristic, biohack44_day2, daniilkrasnovvv_conservative_prob, jek1wantaufik_lucario, kiyotah_abomasnow, kiyotah_dragapult, kiyotah_iono, kojimar_lucario, makimakiai_rl, makthanithin_1084_baseline, makthanithin_improved_prob, mechi22_alakazam, pixiux_lucario_v63, plamen06_steel, pllinas_alakazam, prvsiyan_control_v11, prvsiyan_grimbelief_alakazam, romanrozen_strong_start, ryotasueyoshi_alakazam, tb_abomasnow, tb_alakazam, tb_archaludon, tb_dragapult, tb_heuristic, tb_iono, tb_lucario, tb_rulecore, tb_search, tb_starmie, wmh_alakazam, wmh_bellibolt, wmh_chandelure, wmh_froslass, wmh_garchomp, wmh_grimmsnarl, wmh_kangaskhan, wmh_megastarmie, wmh_mewtwo, wmh_ogerpon, wmh_trevenant, wmh_typhlosion, random_legal
[1/903] avikdas567_heuristic vs avikdas567_heuristic: avikdas567_heuristic 1-1  (2 games, 0.4s, 0.18s/game)
[2/903] avikdas567_heuristic vs biohack44_day2: avikdas567_heuristic 0-6  (6 games, 0.8s, 0.13s/game)
[3/903] avikdas567_heuristic vs daniilkrasnovvv_conservative_prob: avikdas567_heuristic 0-6  (6 games, 0.6s, 0.10s/game)
[4/903] avikdas567_heuristic vs jek1wantaufik_lucario: avikdas567_heuristic 2-4  (6 games, 1.2s, 0.20s/game)
[5/903] avikdas567_heuristic vs kiyotah_abomasnow: avikdas567_heuristic 0-6  (6 games, 0.9s, 0.15s/game)
[6/903] avikdas567_heuristic vs kiyotah_dragapult: avikdas567_heuristic 0-6  (6 games, 1.2s, 0.20s/game)
[7/903] avikdas567_heuristic vs kiyotah_iono: avikdas567_heuristic 0-6  (6 games, 1.5s, 0.25s/game)
[8/903] avikdas567_heuristic vs kojimar_lucario: avikdas567_heuristic 0-6  (6 games, 0.9s, 0.15s/game)
[9/903] avikdas567_heuristic vs makimakiai_rl: avikdas567_heuristic 4-2  (6 games, 1.2s, 0.19s/game)
[10/903] avikdas567_heuristic vs makthanithin_1084_baseline: avikdas567_heuristic 0-6  (6 games, 0.6s, 0.11s/game)
[11/903] avikdas567_heuristic vs makthanithin_improved_prob: avikdas567_heuristic 0-6  (6 games, 1.4s, 0.23s/game)
[12/903] avikdas567_heuristic vs mechi22_alakazam: avikdas567_heuristic 0-6  (6 games, 1.1s, 0.19s/game)
[13/903] avikdas567_heuristic vs pixiux_lucario_v63: avikdas567_heuristic 0-6  (6 games, 0.9s, 0.15s/game)
[14/903] avikdas567_heuristic vs plamen06_steel: avikdas567_heuristic 0-6  (6 games, 1.0s, 0.16s/game)
[15/903] avikdas567_heuristic vs pllinas_alakazam: avikdas567_heuristic 0-6  (6 games, 4.0s, 0.66s/game)
[16/903] avikdas567_heuristic vs prvsiyan_control_v11: avikdas567_heuristic 3-3  (6 games, 1.3s, 0.21s/game)
[17/903] avikdas567_heuristic vs prvsiyan_grimbelief_alakazam: avikdas567_heuristic 5-1  (6 games, 1.3s, 0.21s/game)
[18/903] avikdas567_heuristic vs romanrozen_strong_start: avikdas567_heuristic 0-6  (6 games, 1.0s, 0.17s/game)
[19/903] avikdas567_heuristic vs ryotasueyoshi_alakazam: avikdas567_heuristic 1-5  (6 games, 1.0s, 0.17s/game)
[20/903] avikdas567_heuristic vs tb_abomasnow: avikdas567_heuristic 1-5  (6 games, 0.6s, 0.09s/game)
[21/903] avikdas567_heuristic vs tb_alakazam: avikdas567_heuristic 1-5  (6 games, 1.1s, 0.19s/game)
[22/903] avikdas567_heuristic vs tb_archaludon: avikdas567_heuristic 0-6  (6 games, 0.7s, 0.12s/game)
[23/903] avikdas567_heuristic vs tb_dragapult: avikdas567_heuristic 1-5  (6 games, 1.1s, 0.19s/game)
[24/903] avikdas567_heuristic vs tb_heuristic: avikdas567_heuristic 3-3  (6 games, 1.5s, 0.25s/game)
[25/903] avikdas567_heuristic vs tb_iono: avikdas567_heuristic 0-6  (6 games, 2.1s, 0.35s/game)
[26/903] avikdas567_heuristic vs tb_lucario: avikdas567_heuristic 0-6  (6 games, 0.8s, 0.14s/game)
[27/903] avikdas567_heuristic vs tb_rulecore: avikdas567_heuristic 1-5  (6 games, 1.1s, 0.19s/game)
[28/903] avikdas567_heuristic vs tb_search: avikdas567_heuristic 2-4  (6 games, 1.0s, 0.17s/game)
[29/903] avikdas567_heuristic vs tb_starmie: avikdas567_heuristic 5-1  (6 games, 1.2s, 0.20s/game)
[30/903] avikdas567_heuristic vs wmh_alakazam: avikdas567_heuristic 0-6  (6 games, 1.0s, 0.17s/game)
[31/903] avikdas567_heuristic vs wmh_bellibolt: avikdas567_heuristic 2-4  (6 games, 1.8s, 0.31s/game)
[32/903] avikdas567_heuristic vs wmh_chandelure: avikdas567_heuristic 3-3  (6 games, 1.6s, 0.27s/game)
[33/903] avikdas567_heuristic vs wmh_froslass: avikdas567_heuristic 0-6  (6 games, 0.6s, 0.09s/game)
[34/903] avikdas567_heuristic vs wmh_garchomp: avikdas567_heuristic 0-6  (6 games, 1.1s, 0.19s/game)
[35/903] avikdas567_heuristic vs wmh_grimmsnarl: avikdas567_heuristic 2-4  (6 games, 0.9s, 0.16s/game)
[36/903] avikdas567_heuristic vs wmh_kangaskhan: avikdas567_heuristic 4-2  (6 games, 0.9s, 0.15s/game)
[37/903] avikdas567_heuristic vs wmh_megastarmie: avikdas567_heuristic 0-6  (6 games, 0.5s, 0.08s/game)
[38/903] avikdas567_heuristic vs wmh_mewtwo: avikdas567_heuristic 3-3  (6 games, 1.2s, 0.20s/game)
[39/903] avikdas567_heuristic vs wmh_ogerpon: avikdas567_heuristic 4-2  (6 games, 1.7s, 0.29s/game)
[40/903] avikdas567_heuristic vs wmh_trevenant: avikdas567_heuristic 1-5  (6 games, 1.2s, 0.20s/game)
[41/903] avikdas567_heuristic vs wmh_typhlosion: avikdas567_heuristic 1-5  (6 games, 1.1s, 0.18s/game)
[42/903] avikdas567_heuristic vs random_legal: avikdas567_heuristic 3-3  (6 games, 0.7s, 0.11s/game)
[43/903] biohack44_day2 vs biohack44_day2: biohack44_day2 2-0  (2 games, 0.2s, 0.08s/game)
[44/903] biohack44_day2 vs daniilkrasnovvv_conservative_prob: biohack44_day2 0-6  (6 games, 0.8s, 0.14s/game)
[45/903] biohack44_day2 vs jek1wantaufik_lucario: biohack44_day2 5-1  (6 games, 1.1s, 0.18s/game)
[46/903] biohack44_day2 vs kiyotah_abomasnow: biohack44_day2 4-2  (6 games, 0.7s, 0.12s/game)
[47/903] biohack44_day2 vs kiyotah_dragapult: biohack44_day2 6-0  (6 games, 1.6s, 0.27s/game)
[48/903] biohack44_day2 vs kiyotah_iono: biohack44_day2 1-5  (6 games, 1.7s, 0.28s/game)
[49/903] biohack44_day2 vs kojimar_lucario: biohack44_day2 1-5  (6 games, 0.7s, 0.12s/game)
[50/903] biohack44_day2 vs makimakiai_rl: biohack44_day2 6-0  (6 games, 1.2s, 0.20s/game)
[51/903] biohack44_day2 vs makthanithin_1084_baseline: biohack44_day2 1-5  (6 games, 0.7s, 0.12s/game)
[52/903] biohack44_day2 vs makthanithin_improved_prob: biohack44_day2 2-4  (6 games, 1.1s, 0.19s/game)
[53/903] biohack44_day2 vs mechi22_alakazam: biohack44_day2 0-6  (6 games, 0.8s, 0.14s/game)
[54/903] biohack44_day2 vs pixiux_lucario_v63: biohack44_day2 1-5  (6 games, 1.1s, 0.19s/game)
[55/903] biohack44_day2 vs plamen06_steel: biohack44_day2 1-5  (6 games, 0.8s, 0.13s/game)
[56/903] biohack44_day2 vs pllinas_alakazam: biohack44_day2 0-6  (6 games, 4.3s, 0.71s/game)
[57/903] biohack44_day2 vs prvsiyan_control_v11: biohack44_day2 6-0  (6 games, 1.3s, 0.21s/game)
[58/903] biohack44_day2 vs prvsiyan_grimbelief_alakazam: biohack44_day2 6-0  (6 games, 1.1s, 0.19s/game)
[59/903] biohack44_day2 vs romanrozen_strong_start: biohack44_day2 1-5  (6 games, 0.8s, 0.14s/game)
[60/903] biohack44_day2 vs ryotasueyoshi_alakazam: biohack44_day2 1-5  (6 games, 0.8s, 0.13s/game)
[61/903] biohack44_day2 vs tb_abomasnow: biohack44_day2 6-0  (6 games, 0.7s, 0.11s/game)
[62/903] biohack44_day2 vs tb_alakazam: biohack44_day2 1-5  (6 games, 0.8s, 0.13s/game)
[63/903] biohack44_day2 vs tb_archaludon: biohack44_day2 1-5  (6 games, 0.7s, 0.12s/game)
[64/903] biohack44_day2 vs tb_dragapult: biohack44_day2 6-0  (6 games, 1.4s, 0.24s/game)
[65/903] biohack44_day2 vs tb_heuristic: biohack44_day2 6-0  (6 games, 1.2s, 0.20s/game)
[66/903] biohack44_day2 vs tb_iono: biohack44_day2 0-6  (6 games, 1.2s, 0.21s/game)
[67/903] biohack44_day2 vs tb_lucario: biohack44_day2 6-0  (6 games, 1.1s, 0.18s/game)
[68/903] biohack44_day2 vs tb_rulecore: biohack44_day2 6-0  (6 games, 1.2s, 0.19s/game)
[69/903] biohack44_day2 vs tb_search: biohack44_day2 6-0  (6 games, 1.1s, 0.19s/game)
[70/903] biohack44_day2 vs tb_starmie: biohack44_day2 6-0  (6 games, 0.7s, 0.11s/game)
[71/903] biohack44_day2 vs wmh_alakazam: biohack44_day2 0-6  (6 games, 0.9s, 0.15s/game)
[72/903] biohack44_day2 vs wmh_bellibolt: biohack44_day2 2-4  (6 games, 1.8s, 0.30s/game)
[73/903] biohack44_day2 vs wmh_chandelure: biohack44_day2 4-2  (6 games, 1.4s, 0.23s/game)
[74/903] biohack44_day2 vs wmh_froslass: biohack44_day2 5-1  (6 games, 1.0s, 0.17s/game)
[75/903] biohack44_day2 vs wmh_garchomp: biohack44_day2 6-0  (6 games, 1.3s, 0.22s/game)
[76/903] biohack44_day2 vs wmh_grimmsnarl: biohack44_day2 6-0  (6 games, 1.4s, 0.23s/game)
[77/903] biohack44_day2 vs wmh_kangaskhan: biohack44_day2 6-0  (6 games, 1.3s, 0.21s/game)
[78/903] biohack44_day2 vs wmh_megastarmie: biohack44_day2 5-1  (6 games, 0.9s, 0.15s/game)
[79/903] biohack44_day2 vs wmh_mewtwo: biohack44_day2 5-1  (6 games, 1.2s, 0.20s/game)
[80/903] biohack44_day2 vs wmh_ogerpon: biohack44_day2 6-0  (6 games, 1.5s, 0.26s/game)
[81/903] biohack44_day2 vs wmh_trevenant: biohack44_day2 0-6  (6 games, 1.0s, 0.17s/game)
[82/903] biohack44_day2 vs wmh_typhlosion: biohack44_day2 0-6  (6 games, 0.7s, 0.11s/game)
[83/903] biohack44_day2 vs random_legal: biohack44_day2 6-0  (6 games, 0.5s, 0.08s/game)
[84/903] daniilkrasnovvv_conservative_prob vs daniilkrasnovvv_conservative_prob: daniilkrasnovvv_conservative_prob 2-0  (2 games, 0.5s, 0.27s/game)
[85/903] daniilkrasnovvv_conservative_prob vs jek1wantaufik_lucario: daniilkrasnovvv_conservative_prob 3-3  (6 games, 1.5s, 0.26s/game)
[86/903] daniilkrasnovvv_conservative_prob vs kiyotah_abomasnow: daniilkrasnovvv_conservative_prob 2-4  (6 games, 0.8s, 0.14s/game)
[87/903] daniilkrasnovvv_conservative_prob vs kiyotah_dragapult: daniilkrasnovvv_conservative_prob 2-4  (6 games, 1.4s, 0.24s/game)
[88/903] daniilkrasnovvv_conservative_prob vs kiyotah_iono: daniilkrasnovvv_conservative_prob 6-0  (6 games, 1.4s, 0.23s/game)
[89/903] daniilkrasnovvv_conservative_prob vs kojimar_lucario: daniilkrasnovvv_conservative_prob 3-3  (6 games, 1.3s, 0.21s/game)
[90/903] daniilkrasnovvv_conservative_prob vs makimakiai_rl: daniilkrasnovvv_conservative_prob 6-0  (6 games, 1.3s, 0.21s/game)
[91/903] daniilkrasnovvv_conservative_prob vs makthanithin_1084_baseline: daniilkrasnovvv_conservative_prob 3-3  (6 games, 1.5s, 0.25s/game)
[92/903] daniilkrasnovvv_conservative_prob vs makthanithin_improved_prob: daniilkrasnovvv_conservative_prob 3-3  (6 games, 1.5s, 0.25s/game)
[93/903] daniilkrasnovvv_conservative_prob vs mechi22_alakazam: daniilkrasnovvv_conservative_prob 1-5  (6 games, 1.2s, 0.20s/game)
[94/903] daniilkrasnovvv_conservative_prob vs pixiux_lucario_v63: daniilkrasnovvv_conservative_prob 4-2  (6 games, 1.1s, 0.18s/game)
[95/903] daniilkrasnovvv_conservative_prob vs plamen06_steel: daniilkrasnovvv_conservative_prob 3-3  (6 games, 1.2s, 0.20s/game)
[96/903] daniilkrasnovvv_conservative_prob vs pllinas_alakazam: daniilkrasnovvv_conservative_prob 1-5  (6 games, 6.9s, 1.16s/game)
[97/903] daniilkrasnovvv_conservative_prob vs prvsiyan_control_v11: daniilkrasnovvv_conservative_prob 3-3  (6 games, 1.7s, 0.28s/game)
[98/903] daniilkrasnovvv_conservative_prob vs prvsiyan_grimbelief_alakazam: daniilkrasnovvv_conservative_prob 6-0  (6 games, 1.8s, 0.30s/game)
[99/903] daniilkrasnovvv_conservative_prob vs romanrozen_strong_start: daniilkrasnovvv_conservative_prob 3-3  (6 games, 1.4s, 0.23s/game)
[100/903] daniilkrasnovvv_conservative_prob vs ryotasueyoshi_alakazam: daniilkrasnovvv_conservative_prob 3-3  (6 games, 1.3s, 0.22s/game)
[101/903] daniilkrasnovvv_conservative_prob vs tb_abomasnow: daniilkrasnovvv_conservative_prob 3-3  (6 games, 0.8s, 0.13s/game)
[102/903] daniilkrasnovvv_conservative_prob vs tb_alakazam: daniilkrasnovvv_conservative_prob 2-4  (6 games, 1.6s, 0.27s/game)
[103/903] daniilkrasnovvv_conservative_prob vs tb_archaludon: daniilkrasnovvv_conservative_prob 2-4  (6 games, 1.1s, 0.19s/game)
[104/903] daniilkrasnovvv_conservative_prob vs tb_dragapult: daniilkrasnovvv_conservative_prob 5-1  (6 games, 1.4s, 0.24s/game)
[105/903] daniilkrasnovvv_conservative_prob vs tb_heuristic: daniilkrasnovvv_conservative_prob 4-2  (6 games, 1.2s, 0.20s/game)
[106/903] daniilkrasnovvv_conservative_prob vs tb_iono: daniilkrasnovvv_conservative_prob 6-0  (6 games, 1.8s, 0.30s/game)
[107/903] daniilkrasnovvv_conservative_prob vs tb_lucario: daniilkrasnovvv_conservative_prob 6-0  (6 games, 1.6s, 0.27s/game)
[108/903] daniilkrasnovvv_conservative_prob vs tb_rulecore: daniilkrasnovvv_conservative_prob 6-0  (6 games, 1.4s, 0.24s/game)
[109/903] daniilkrasnovvv_conservative_prob vs tb_search: daniilkrasnovvv_conservative_prob 5-1  (6 games, 1.5s, 0.25s/game)
[110/903] daniilkrasnovvv_conservative_prob vs tb_starmie: daniilkrasnovvv_conservative_prob 6-0  (6 games, 0.5s, 0.08s/game)
[111/903] daniilkrasnovvv_conservative_prob vs wmh_alakazam: daniilkrasnovvv_conservative_prob 2-4  (6 games, 1.2s, 0.19s/game)
[112/903] daniilkrasnovvv_conservative_prob vs wmh_bellibolt: daniilkrasnovvv_conservative_prob 6-0  (6 games, 1.5s, 0.25s/game)
[113/903] daniilkrasnovvv_conservative_prob vs wmh_chandelure: daniilkrasnovvv_conservative_prob 5-1  (6 games, 0.8s, 0.13s/game)
[114/903] daniilkrasnovvv_conservative_prob vs wmh_froslass: daniilkrasnovvv_conservative_prob 4-2  (6 games, 1.1s, 0.18s/game)
[115/903] daniilkrasnovvv_conservative_prob vs wmh_garchomp: daniilkrasnovvv_conservative_prob 4-2  (6 games, 1.7s, 0.28s/game)
[116/903] daniilkrasnovvv_conservative_prob vs wmh_grimmsnarl: daniilkrasnovvv_conservative_prob 6-0  (6 games, 1.6s, 0.26s/game)
[117/903] daniilkrasnovvv_conservative_prob vs wmh_kangaskhan: daniilkrasnovvv_conservative_prob 5-1  (6 games, 1.3s, 0.21s/game)
[118/903] daniilkrasnovvv_conservative_prob vs wmh_megastarmie: daniilkrasnovvv_conservative_prob 2-4  (6 games, 1.2s, 0.20s/game)
[119/903] daniilkrasnovvv_conservative_prob vs wmh_mewtwo: daniilkrasnovvv_conservative_prob 5-1  (6 games, 1.8s, 0.29s/game)
[120/903] daniilkrasnovvv_conservative_prob vs wmh_ogerpon: daniilkrasnovvv_conservative_prob 6-0  (6 games, 1.8s, 0.30s/game)
[121/903] daniilkrasnovvv_conservative_prob vs wmh_trevenant: daniilkrasnovvv_conservative_prob 2-4  (6 games, 1.5s, 0.26s/game)
[122/903] daniilkrasnovvv_conservative_prob vs wmh_typhlosion: daniilkrasnovvv_conservative_prob 6-0  (6 games, 1.2s, 0.20s/game)
[123/903] daniilkrasnovvv_conservative_prob vs random_legal: daniilkrasnovvv_conservative_prob 6-0  (6 games, 0.7s, 0.12s/game)
[124/903] jek1wantaufik_lucario vs jek1wantaufik_lucario: jek1wantaufik_lucario 1-1  (2 games, 0.5s, 0.27s/game)
[125/903] jek1wantaufik_lucario vs kiyotah_abomasnow: jek1wantaufik_lucario 1-5  (6 games, 1.1s, 0.18s/game)
[126/903] jek1wantaufik_lucario vs kiyotah_dragapult: jek1wantaufik_lucario 4-2  (6 games, 1.5s, 0.25s/game)
[127/903] jek1wantaufik_lucario vs kiyotah_iono: jek1wantaufik_lucario 5-1  (6 games, 2.2s, 0.37s/game)
[128/903] jek1wantaufik_lucario vs kojimar_lucario: jek1wantaufik_lucario 3-3  (6 games, 1.7s, 0.28s/game)
[129/903] jek1wantaufik_lucario vs makimakiai_rl: jek1wantaufik_lucario 3-3  (6 games, 1.4s, 0.23s/game)
[130/903] jek1wantaufik_lucario vs makthanithin_1084_baseline: jek1wantaufik_lucario 3-3  (6 games, 1.7s, 0.29s/game)
[131/903] jek1wantaufik_lucario vs makthanithin_improved_prob: jek1wantaufik_lucario 2-4  (6 games, 1.7s, 0.28s/game)
[132/903] jek1wantaufik_lucario vs mechi22_alakazam: jek1wantaufik_lucario 2-4  (6 games, 1.7s, 0.29s/game)
[133/903] jek1wantaufik_lucario vs pixiux_lucario_v63: jek1wantaufik_lucario 4-2  (6 games, 1.8s, 0.29s/game)
[134/903] jek1wantaufik_lucario vs plamen06_steel: jek1wantaufik_lucario 3-3  (6 games, 1.3s, 0.21s/game)
[135/903] jek1wantaufik_lucario vs pllinas_alakazam: jek1wantaufik_lucario 0-6  (6 games, 9.5s, 1.58s/game)
[136/903] jek1wantaufik_lucario vs prvsiyan_control_v11: jek1wantaufik_lucario 1-5  (6 games, 1.2s, 0.19s/game)
[137/903] jek1wantaufik_lucario vs prvsiyan_grimbelief_alakazam: jek1wantaufik_lucario 6-0  (6 games, 1.4s, 0.24s/game)
[138/903] jek1wantaufik_lucario vs romanrozen_strong_start: jek1wantaufik_lucario 4-2  (6 games, 1.9s, 0.32s/game)
[139/903] jek1wantaufik_lucario vs ryotasueyoshi_alakazam: jek1wantaufik_lucario 1-5  (6 games, 1.7s, 0.28s/game)
[140/903] jek1wantaufik_lucario vs tb_abomasnow: jek1wantaufik_lucario 5-1  (6 games, 0.7s, 0.12s/game)
[141/903] jek1wantaufik_lucario vs tb_alakazam: jek1wantaufik_lucario 2-4  (6 games, 1.4s, 0.23s/game)
[142/903] jek1wantaufik_lucario vs tb_archaludon: jek1wantaufik_lucario 1-5  (6 games, 1.4s, 0.24s/game)
[143/903] jek1wantaufik_lucario vs tb_dragapult: jek1wantaufik_lucario 0-6  (6 games, 1.8s, 0.30s/game)
[144/903] jek1wantaufik_lucario vs tb_heuristic: jek1wantaufik_lucario 6-0  (6 games, 1.4s, 0.24s/game)
[145/903] jek1wantaufik_lucario vs tb_iono: jek1wantaufik_lucario 5-1  (6 games, 2.1s, 0.35s/game)
[146/903] jek1wantaufik_lucario vs tb_lucario: jek1wantaufik_lucario 3-2-1d  (6 games, 1.8s, 0.31s/game)
[147/903] jek1wantaufik_lucario vs tb_rulecore: jek1wantaufik_lucario 4-2  (6 games, 1.3s, 0.22s/game)
[148/903] jek1wantaufik_lucario vs tb_search: jek1wantaufik_lucario 3-3  (6 games, 1.5s, 0.26s/game)
[149/903] jek1wantaufik_lucario vs tb_starmie: jek1wantaufik_lucario 5-1  (6 games, 0.8s, 0.14s/game)
[150/903] jek1wantaufik_lucario vs wmh_alakazam: jek1wantaufik_lucario 3-3  (6 games, 1.2s, 0.20s/game)
[151/903] jek1wantaufik_lucario vs wmh_bellibolt: jek1wantaufik_lucario 5-1  (6 games, 1.7s, 0.29s/game)
[152/903] jek1wantaufik_lucario vs wmh_chandelure: jek1wantaufik_lucario 5-1  (6 games, 1.5s, 0.25s/game)
[153/903] jek1wantaufik_lucario vs wmh_froslass: jek1wantaufik_lucario 5-1  (6 games, 1.3s, 0.21s/game)
[154/903] jek1wantaufik_lucario vs wmh_garchomp: jek1wantaufik_lucario 2-4  (6 games, 1.4s, 0.24s/game)
[155/903] jek1wantaufik_lucario vs wmh_grimmsnarl: jek1wantaufik_lucario 3-3  (6 games, 1.7s, 0.29s/game)
[156/903] jek1wantaufik_lucario vs wmh_kangaskhan: jek1wantaufik_lucario 6-0  (6 games, 1.0s, 0.16s/game)
[157/903] jek1wantaufik_lucario vs wmh_megastarmie: jek1wantaufik_lucario 0-6  (6 games, 1.3s, 0.21s/game)
[158/903] jek1wantaufik_lucario vs wmh_mewtwo: jek1wantaufik_lucario 4-2  (6 games, 1.6s, 0.27s/game)
[159/903] jek1wantaufik_lucario vs wmh_ogerpon: jek1wantaufik_lucario 1-5  (6 games, 2.1s, 0.34s/game)
[160/903] jek1wantaufik_lucario vs wmh_trevenant: jek1wantaufik_lucario 0-6  (6 games, 1.4s, 0.23s/game)
[161/903] jek1wantaufik_lucario vs wmh_typhlosion: jek1wantaufik_lucario 2-4  (6 games, 1.7s, 0.29s/game)
[162/903] jek1wantaufik_lucario vs random_legal: jek1wantaufik_lucario 5-1  (6 games, 0.9s, 0.15s/game)
[163/903] kiyotah_abomasnow vs kiyotah_abomasnow: kiyotah_abomasnow 1-1  (2 games, 0.2s, 0.10s/game)
[164/903] kiyotah_abomasnow vs kiyotah_dragapult: kiyotah_abomasnow 4-2  (6 games, 1.3s, 0.22s/game)
[165/903] kiyotah_abomasnow vs kiyotah_iono: kiyotah_abomasnow 3-3  (6 games, 1.6s, 0.26s/game)
[166/903] kiyotah_abomasnow vs kojimar_lucario: kiyotah_abomasnow 4-2  (6 games, 1.0s, 0.17s/game)
[167/903] kiyotah_abomasnow vs makimakiai_rl: kiyotah_abomasnow 5-1  (6 games, 0.8s, 0.13s/game)
[168/903] kiyotah_abomasnow vs makthanithin_1084_baseline: kiyotah_abomasnow 3-3  (6 games, 0.7s, 0.12s/game)
[169/903] kiyotah_abomasnow vs makthanithin_improved_prob: kiyotah_abomasnow 3-3  (6 games, 0.8s, 0.14s/game)
[170/903] kiyotah_abomasnow vs mechi22_alakazam: kiyotah_abomasnow 0-6  (6 games, 1.0s, 0.16s/game)
[171/903] kiyotah_abomasnow vs pixiux_lucario_v63: kiyotah_abomasnow 5-1  (6 games, 1.0s, 0.16s/game)
[172/903] kiyotah_abomasnow vs plamen06_steel: kiyotah_abomasnow 1-5  (6 games, 0.8s, 0.13s/game)
[173/903] kiyotah_abomasnow vs pllinas_alakazam: kiyotah_abomasnow 0-6  (6 games, 6.3s, 1.04s/game)
[174/903] kiyotah_abomasnow vs prvsiyan_control_v11: kiyotah_abomasnow 4-2  (6 games, 1.1s, 0.19s/game)
[175/903] kiyotah_abomasnow vs prvsiyan_grimbelief_alakazam: kiyotah_abomasnow 5-1  (6 games, 1.2s, 0.20s/game)
[176/903] kiyotah_abomasnow vs romanrozen_strong_start: kiyotah_abomasnow 2-4  (6 games, 1.0s, 0.16s/game)
[177/903] kiyotah_abomasnow vs ryotasueyoshi_alakazam: kiyotah_abomasnow 2-4  (6 games, 0.9s, 0.15s/game)
[178/903] kiyotah_abomasnow vs tb_abomasnow: kiyotah_abomasnow 1-5  (6 games, 0.6s, 0.09s/game)
[179/903] kiyotah_abomasnow vs tb_alakazam: kiyotah_abomasnow 2-4  (6 games, 1.2s, 0.20s/game)
[180/903] kiyotah_abomasnow vs tb_archaludon: kiyotah_abomasnow 3-3  (6 games, 0.8s, 0.13s/game)
[181/903] kiyotah_abomasnow vs tb_dragapult: kiyotah_abomasnow 1-5  (6 games, 1.4s, 0.23s/game)
[182/903] kiyotah_abomasnow vs tb_heuristic: kiyotah_abomasnow 5-1  (6 games, 1.2s, 0.19s/game)
[183/903] kiyotah_abomasnow vs tb_iono: kiyotah_abomasnow 4-2  (6 games, 2.1s, 0.36s/game)
[184/903] kiyotah_abomasnow vs tb_lucario: kiyotah_abomasnow 4-2  (6 games, 1.0s, 0.16s/game)
[185/903] kiyotah_abomasnow vs tb_rulecore: kiyotah_abomasnow 6-0  (6 games, 0.9s, 0.15s/game)
[186/903] kiyotah_abomasnow vs tb_search: kiyotah_abomasnow 5-1  (6 games, 1.0s, 0.16s/game)
[187/903] kiyotah_abomasnow vs tb_starmie: kiyotah_abomasnow 6-0  (6 games, 0.9s, 0.15s/game)
[188/903] kiyotah_abomasnow vs wmh_alakazam: kiyotah_abomasnow 3-3  (6 games, 1.1s, 0.19s/game)
[189/903] kiyotah_abomasnow vs wmh_bellibolt: kiyotah_abomasnow 6-0  (6 games, 1.2s, 0.20s/game)
[190/903] kiyotah_abomasnow vs wmh_chandelure: kiyotah_abomasnow 6-0  (6 games, 1.1s, 0.19s/game)
[191/903] kiyotah_abomasnow vs wmh_froslass: kiyotah_abomasnow 4-2  (6 games, 0.8s, 0.13s/game)
[192/903] kiyotah_abomasnow vs wmh_garchomp: kiyotah_abomasnow 4-2  (6 games, 0.9s, 0.15s/game)
[193/903] kiyotah_abomasnow vs wmh_grimmsnarl: kiyotah_abomasnow 5-1  (6 games, 1.1s, 0.18s/game)
[194/903] kiyotah_abomasnow vs wmh_kangaskhan: kiyotah_abomasnow 6-0  (6 games, 1.0s, 0.16s/game)
[195/903] kiyotah_abomasnow vs wmh_megastarmie: kiyotah_abomasnow 5-1  (6 games, 0.7s, 0.11s/game)
[196/903] kiyotah_abomasnow vs wmh_mewtwo: kiyotah_abomasnow 6-0  (6 games, 1.1s, 0.19s/game)
[197/903] kiyotah_abomasnow vs wmh_ogerpon: kiyotah_abomasnow 6-0  (6 games, 1.2s, 0.19s/game)
[198/903] kiyotah_abomasnow vs wmh_trevenant: kiyotah_abomasnow 2-4  (6 games, 1.0s, 0.16s/game)
[199/903] kiyotah_abomasnow vs wmh_typhlosion: kiyotah_abomasnow 6-0  (6 games, 1.4s, 0.23s/game)
[200/903] kiyotah_abomasnow vs random_legal: kiyotah_abomasnow 6-0  (6 games, 0.6s, 0.10s/game)
[201/903] kiyotah_dragapult vs kiyotah_dragapult: kiyotah_dragapult 1-1  (2 games, 0.6s, 0.30s/game)
[202/903] kiyotah_dragapult vs kiyotah_iono: kiyotah_dragapult 3-3  (6 games, 3.2s, 0.53s/game)
[203/903] kiyotah_dragapult vs kojimar_lucario: kiyotah_dragapult 3-3  (6 games, 1.9s, 0.32s/game)
[204/903] kiyotah_dragapult vs makimakiai_rl: kiyotah_dragapult 6-0  (6 games, 1.4s, 0.24s/game)
[205/903] kiyotah_dragapult vs makthanithin_1084_baseline: kiyotah_dragapult 4-2  (6 games, 2.1s, 0.34s/game)
[206/903] kiyotah_dragapult vs makthanithin_improved_prob: kiyotah_dragapult 2-4  (6 games, 1.4s, 0.24s/game)
[207/903] kiyotah_dragapult vs mechi22_alakazam: kiyotah_dragapult 5-1  (6 games, 1.8s, 0.30s/game)
[208/903] kiyotah_dragapult vs pixiux_lucario_v63: kiyotah_dragapult 3-3  (6 games, 1.9s, 0.31s/game)
[209/903] kiyotah_dragapult vs plamen06_steel: kiyotah_dragapult 0-6  (6 games, 1.7s, 0.29s/game)
[210/903] kiyotah_dragapult vs pllinas_alakazam: kiyotah_dragapult 3-3  (6 games, 5.5s, 0.91s/game)
[211/903] kiyotah_dragapult vs prvsiyan_control_v11: kiyotah_dragapult 3-3  (6 games, 2.5s, 0.41s/game)
[212/903] kiyotah_dragapult vs prvsiyan_grimbelief_alakazam: kiyotah_dragapult 5-1  (6 games, 2.3s, 0.39s/game)
[213/903] kiyotah_dragapult vs romanrozen_strong_start: kiyotah_dragapult 2-4  (6 games, 1.5s, 0.25s/game)
[214/903] kiyotah_dragapult vs ryotasueyoshi_alakazam: kiyotah_dragapult 2-4  (6 games, 2.1s, 0.35s/game)
[215/903] kiyotah_dragapult vs tb_abomasnow: kiyotah_dragapult 2-4  (6 games, 1.4s, 0.24s/game)
[216/903] kiyotah_dragapult vs tb_alakazam: kiyotah_dragapult 4-2  (6 games, 2.1s, 0.36s/game)
[217/903] kiyotah_dragapult vs tb_archaludon: kiyotah_dragapult 2-4  (6 games, 1.4s, 0.23s/game)
[218/903] kiyotah_dragapult vs tb_dragapult: kiyotah_dragapult 0-6  (6 games, 1.5s, 0.25s/game)
[219/903] kiyotah_dragapult vs tb_heuristic: kiyotah_dragapult 6-0  (6 games, 1.5s, 0.25s/game)
[220/903] kiyotah_dragapult vs tb_iono: kiyotah_dragapult 5-1  (6 games, 2.2s, 0.37s/game)
[221/903] kiyotah_dragapult vs tb_lucario: kiyotah_dragapult 5-1  (6 games, 1.6s, 0.26s/game)
[222/903] kiyotah_dragapult vs tb_rulecore: kiyotah_dragapult 5-1  (6 games, 1.7s, 0.29s/game)
[223/903] kiyotah_dragapult vs tb_search: kiyotah_dragapult 4-2  (6 games, 1.5s, 0.25s/game)
[224/903] kiyotah_dragapult vs tb_starmie: kiyotah_dragapult 6-0  (6 games, 1.4s, 0.23s/game)
[225/903] kiyotah_dragapult vs wmh_alakazam: kiyotah_dragapult 3-3  (6 games, 1.9s, 0.32s/game)
[226/903] kiyotah_dragapult vs wmh_bellibolt: kiyotah_dragapult 6-0  (6 games, 1.8s, 0.30s/game)
[227/903] kiyotah_dragapult vs wmh_chandelure: kiyotah_dragapult 5-1  (6 games, 1.5s, 0.25s/game)
[228/903] kiyotah_dragapult vs wmh_froslass: kiyotah_dragapult 3-3  (6 games, 1.2s, 0.21s/game)
[229/903] kiyotah_dragapult vs wmh_garchomp: kiyotah_dragapult 4-2  (6 games, 1.7s, 0.28s/game)
[230/903] kiyotah_dragapult vs wmh_grimmsnarl: kiyotah_dragapult 6-0  (6 games, 2.0s, 0.33s/game)
[231/903] kiyotah_dragapult vs wmh_kangaskhan: kiyotah_dragapult 6-0  (6 games, 1.3s, 0.21s/game)
[232/903] kiyotah_dragapult vs wmh_megastarmie: kiyotah_dragapult 1-5  (6 games, 1.1s, 0.19s/game)
[233/903] kiyotah_dragapult vs wmh_mewtwo: kiyotah_dragapult 6-0  (6 games, 2.2s, 0.37s/game)
[234/903] kiyotah_dragapult vs wmh_ogerpon: kiyotah_dragapult 6-0  (6 games, 2.0s, 0.33s/game)
[235/903] kiyotah_dragapult vs wmh_trevenant: kiyotah_dragapult 6-0  (6 games, 1.6s, 0.27s/game)
[236/903] kiyotah_dragapult vs wmh_typhlosion: kiyotah_dragapult 6-0  (6 games, 1.8s, 0.30s/game)
[237/903] kiyotah_dragapult vs random_legal: kiyotah_dragapult 6-0  (6 games, 1.4s, 0.23s/game)
[238/903] kiyotah_iono vs kiyotah_iono: kiyotah_iono 0-2  (2 games, 1.7s, 0.86s/game)
[239/903] kiyotah_iono vs kojimar_lucario: kiyotah_iono 0-6  (6 games, 1.8s, 0.30s/game)
[240/903] kiyotah_iono vs makimakiai_rl: kiyotah_iono 5-1  (6 games, 2.0s, 0.33s/game)
[241/903] kiyotah_iono vs makthanithin_1084_baseline: kiyotah_iono 3-3  (6 games, 3.0s, 0.49s/game)
[242/903] kiyotah_iono vs makthanithin_improved_prob: kiyotah_iono 1-5  (6 games, 2.0s, 0.33s/game)
[243/903] kiyotah_iono vs mechi22_alakazam: kiyotah_iono 4-2  (6 games, 2.9s, 0.48s/game)
[244/903] kiyotah_iono vs pixiux_lucario_v63: kiyotah_iono 1-5  (6 games, 1.7s, 0.28s/game)
[245/903] kiyotah_iono vs plamen06_steel: kiyotah_iono 1-5  (6 games, 2.9s, 0.48s/game)
[246/903] kiyotah_iono vs pllinas_alakazam: kiyotah_iono 1-5  (6 games, 22.2s, 3.70s/game)
[247/903] kiyotah_iono vs prvsiyan_control_v11: kiyotah_iono 6-0  (6 games, 1.8s, 0.30s/game)
[248/903] kiyotah_iono vs prvsiyan_grimbelief_alakazam: kiyotah_iono 6-0  (6 games, 2.6s, 0.43s/game)
[249/903] kiyotah_iono vs romanrozen_strong_start: kiyotah_iono 2-4  (6 games, 1.8s, 0.29s/game)
[250/903] kiyotah_iono vs ryotasueyoshi_alakazam: kiyotah_iono 2-4  (6 games, 1.7s, 0.28s/game)
[251/903] kiyotah_iono vs tb_abomasnow: kiyotah_iono 5-1  (6 games, 1.6s, 0.27s/game)
[252/903] kiyotah_iono vs tb_alakazam: kiyotah_iono 4-2  (6 games, 3.0s, 0.50s/game)
[253/903] kiyotah_iono vs tb_archaludon: kiyotah_iono 2-4  (6 games, 2.6s, 0.43s/game)
[254/903] kiyotah_iono vs tb_dragapult: kiyotah_iono 1-5  (6 games, 2.8s, 0.47s/game)
[255/903] kiyotah_iono vs tb_heuristic: kiyotah_iono 6-0  (6 games, 2.2s, 0.36s/game)
[256/903] kiyotah_iono vs tb_iono: kiyotah_iono 5-1  (6 games, 4.5s, 0.75s/game)
[257/903] kiyotah_iono vs tb_lucario: kiyotah_iono 2-4  (6 games, 2.5s, 0.42s/game)
[258/903] kiyotah_iono vs tb_rulecore: kiyotah_iono 3-3  (6 games, 2.4s, 0.40s/game)
[259/903] kiyotah_iono vs tb_search: kiyotah_iono 3-3  (6 games, 2.1s, 0.36s/game)
[260/903] kiyotah_iono vs tb_starmie: kiyotah_iono 6-0  (6 games, 1.6s, 0.27s/game)
[261/903] kiyotah_iono vs wmh_alakazam: kiyotah_iono 3-3  (6 games, 2.2s, 0.37s/game)
[262/903] kiyotah_iono vs wmh_bellibolt: kiyotah_iono 6-0  (6 games, 2.3s, 0.39s/game)
[263/903] kiyotah_iono vs wmh_chandelure: kiyotah_iono 6-0  (6 games, 2.3s, 0.38s/game)
[264/903] kiyotah_iono vs wmh_froslass: kiyotah_iono 5-1  (6 games, 1.4s, 0.23s/game)
[265/903] kiyotah_iono vs wmh_garchomp: kiyotah_iono 1-5  (6 games, 2.5s, 0.42s/game)
[266/903] kiyotah_iono vs wmh_grimmsnarl: kiyotah_iono 6-0  (6 games, 2.5s, 0.42s/game)
[267/903] kiyotah_iono vs wmh_kangaskhan: kiyotah_iono 6-0  (6 games, 2.3s, 0.39s/game)
[268/903] kiyotah_iono vs wmh_megastarmie: kiyotah_iono 6-0  (6 games, 1.6s, 0.27s/game)
[269/903] kiyotah_iono vs wmh_mewtwo: kiyotah_iono 3-3  (6 games, 2.3s, 0.39s/game)
[270/903] kiyotah_iono vs wmh_ogerpon: kiyotah_iono 6-0  (6 games, 2.7s, 0.45s/game)
[271/903] kiyotah_iono vs wmh_trevenant: kiyotah_iono 5-1  (6 games, 2.7s, 0.45s/game)
[272/903] kiyotah_iono vs wmh_typhlosion: kiyotah_iono 5-1  (6 games, 2.4s, 0.40s/game)
[273/903] kiyotah_iono vs random_legal: kiyotah_iono 6-0  (6 games, 1.3s, 0.21s/game)
[274/903] kojimar_lucario vs kojimar_lucario: kojimar_lucario 2-0  (2 games, 0.7s, 0.33s/game)
[275/903] kojimar_lucario vs makimakiai_rl: kojimar_lucario 6-0  (6 games, 0.9s, 0.15s/game)
[276/903] kojimar_lucario vs makthanithin_1084_baseline: kojimar_lucario 3-3  (6 games, 1.4s, 0.23s/game)
[277/903] kojimar_lucario vs makthanithin_improved_prob: kojimar_lucario 6-0  (6 games, 1.8s, 0.30s/game)
[278/903] kojimar_lucario vs mechi22_alakazam: kojimar_lucario 0-6  (6 games, 1.6s, 0.27s/game)
[279/903] kojimar_lucario vs pixiux_lucario_v63: kojimar_lucario 4-2  (6 games, 1.8s, 0.30s/game)
[280/903] kojimar_lucario vs plamen06_steel: kojimar_lucario 3-3  (6 games, 1.4s, 0.24s/game)
[281/903] kojimar_lucario vs pllinas_alakazam: kojimar_lucario 1-5  (6 games, 8.2s, 1.36s/game)
[282/903] kojimar_lucario vs prvsiyan_control_v11: kojimar_lucario 2-4  (6 games, 1.4s, 0.23s/game)
[283/903] kojimar_lucario vs prvsiyan_grimbelief_alakazam: kojimar_lucario 6-0  (6 games, 1.5s, 0.24s/game)
[284/903] kojimar_lucario vs romanrozen_strong_start: kojimar_lucario 3-3  (6 games, 2.0s, 0.33s/game)
[285/903] kojimar_lucario vs ryotasueyoshi_alakazam: kojimar_lucario 2-4  (6 games, 1.6s, 0.27s/game)
[286/903] kojimar_lucario vs tb_abomasnow: kojimar_lucario 3-3  (6 games, 0.7s, 0.11s/game)
[287/903] kojimar_lucario vs tb_alakazam: kojimar_lucario 2-4  (6 games, 1.4s, 0.23s/game)
[288/903] kojimar_lucario vs tb_archaludon: kojimar_lucario 3-3  (6 games, 1.0s, 0.16s/game)
[289/903] kojimar_lucario vs tb_dragapult: kojimar_lucario 4-2  (6 games, 1.3s, 0.22s/game)
[290/903] kojimar_lucario vs tb_heuristic: kojimar_lucario 5-1  (6 games, 1.4s, 0.23s/game)
[291/903] kojimar_lucario vs tb_iono: kojimar_lucario 5-1  (6 games, 1.4s, 0.24s/game)
[292/903] kojimar_lucario vs tb_lucario: kojimar_lucario 5-1  (6 games, 1.4s, 0.24s/game)
[293/903] kojimar_lucario vs tb_rulecore: kojimar_lucario 6-0  (6 games, 1.3s, 0.22s/game)
[294/903] kojimar_lucario vs tb_search: kojimar_lucario 5-1  (6 games, 1.2s, 0.21s/game)
[295/903] kojimar_lucario vs tb_starmie: kojimar_lucario 6-0  (6 games, 0.8s, 0.13s/game)
[296/903] kojimar_lucario vs wmh_alakazam: kojimar_lucario 3-3  (6 games, 1.7s, 0.28s/game)
[297/903] kojimar_lucario vs wmh_bellibolt: kojimar_lucario 6-0  (6 games, 1.5s, 0.26s/game)
[298/903] kojimar_lucario vs wmh_chandelure: kojimar_lucario 6-0  (6 games, 0.7s, 0.12s/game)
[299/903] kojimar_lucario vs wmh_froslass: kojimar_lucario 5-1  (6 games, 0.8s, 0.14s/game)
[300/903] kojimar_lucario vs wmh_garchomp: kojimar_lucario 5-1  (6 games, 1.4s, 0.23s/game)
[301/903] kojimar_lucario vs wmh_grimmsnarl: kojimar_lucario 6-0  (6 games, 1.6s, 0.27s/game)
[302/903] kojimar_lucario vs wmh_kangaskhan: kojimar_lucario 6-0  (6 games, 1.2s, 0.21s/game)
[303/903] kojimar_lucario vs wmh_megastarmie: kojimar_lucario 4-2  (6 games, 0.9s, 0.15s/game)
[304/903] kojimar_lucario vs wmh_mewtwo: kojimar_lucario 4-2  (6 games, 1.7s, 0.28s/game)
[305/903] kojimar_lucario vs wmh_ogerpon: kojimar_lucario 6-0  (6 games, 1.6s, 0.27s/game)
[306/903] kojimar_lucario vs wmh_trevenant: kojimar_lucario 2-4  (6 games, 1.3s, 0.22s/game)
[307/903] kojimar_lucario vs wmh_typhlosion: kojimar_lucario 6-0  (6 games, 1.5s, 0.26s/game)
[308/903] kojimar_lucario vs random_legal: kojimar_lucario 5-1  (6 games, 0.4s, 0.06s/game)
[309/903] makimakiai_rl vs makimakiai_rl: makimakiai_rl 1-1  (2 games, 0.7s, 0.33s/game)
[310/903] makimakiai_rl vs makthanithin_1084_baseline: makimakiai_rl 1-5  (6 games, 1.1s, 0.18s/game)
[311/903] makimakiai_rl vs makthanithin_improved_prob: makimakiai_rl 0-6  (6 games, 1.0s, 0.16s/game)
[312/903] makimakiai_rl vs mechi22_alakazam: makimakiai_rl 0-6  (6 games, 1.3s, 0.22s/game)
[313/903] makimakiai_rl vs pixiux_lucario_v63: makimakiai_rl 0-6  (6 games, 1.0s, 0.16s/game)
[314/903] makimakiai_rl vs plamen06_steel: makimakiai_rl 0-6  (6 games, 1.3s, 0.22s/game)
[315/903] makimakiai_rl vs pllinas_alakazam: makimakiai_rl 0-6  (6 games, 6.1s, 1.01s/game)
[316/903] makimakiai_rl vs prvsiyan_control_v11: makimakiai_rl 0-6  (6 games, 1.3s, 0.21s/game)
[317/903] makimakiai_rl vs prvsiyan_grimbelief_alakazam: makimakiai_rl 2-4  (6 games, 2.5s, 0.41s/game)
[318/903] makimakiai_rl vs romanrozen_strong_start: makimakiai_rl 0-6  (6 games, 1.4s, 0.24s/game)
[319/903] makimakiai_rl vs ryotasueyoshi_alakazam: makimakiai_rl 0-6  (6 games, 1.0s, 0.16s/game)
[320/903] makimakiai_rl vs tb_abomasnow: makimakiai_rl 0-6  (6 games, 1.0s, 0.16s/game)
[321/903] makimakiai_rl vs tb_alakazam: makimakiai_rl 3-3  (6 games, 1.1s, 0.18s/game)
[322/903] makimakiai_rl vs tb_archaludon: makimakiai_rl 0-6  (6 games, 1.2s, 0.20s/game)
[323/903] makimakiai_rl vs tb_dragapult: makimakiai_rl 0-6  (6 games, 1.6s, 0.27s/game)
[324/903] makimakiai_rl vs tb_heuristic: makimakiai_rl 4-2  (6 games, 1.8s, 0.30s/game)
[325/903] makimakiai_rl vs tb_iono: makimakiai_rl 1-5  (6 games, 2.0s, 0.33s/game)
[326/903] makimakiai_rl vs tb_lucario: makimakiai_rl 1-5  (6 games, 1.1s, 0.18s/game)
[327/903] makimakiai_rl vs tb_rulecore: makimakiai_rl 0-6  (6 games, 1.1s, 0.18s/game)
[328/903] makimakiai_rl vs tb_search: makimakiai_rl 1-5  (6 games, 1.0s, 0.17s/game)
[329/903] makimakiai_rl vs tb_starmie: makimakiai_rl 5-1  (6 games, 1.0s, 0.17s/game)
[330/903] makimakiai_rl vs wmh_alakazam: makimakiai_rl 1-5  (6 games, 0.9s, 0.15s/game)
[331/903] makimakiai_rl vs wmh_bellibolt: makimakiai_rl 2-4  (6 games, 1.4s, 0.23s/game)
[332/903] makimakiai_rl vs wmh_chandelure: makimakiai_rl 1-5  (6 games, 1.4s, 0.23s/game)
[333/903] makimakiai_rl vs wmh_froslass: makimakiai_rl 0-6  (6 games, 1.0s, 0.16s/game)
[334/903] makimakiai_rl vs wmh_garchomp: makimakiai_rl 0-6  (6 games, 1.3s, 0.22s/game)
[335/903] makimakiai_rl vs wmh_grimmsnarl: makimakiai_rl 0-6  (6 games, 0.8s, 0.13s/game)
[336/903] makimakiai_rl vs wmh_kangaskhan: makimakiai_rl 4-2  (6 games, 1.3s, 0.21s/game)
[337/903] makimakiai_rl vs wmh_megastarmie: makimakiai_rl 0-6  (6 games, 1.0s, 0.16s/game)
[338/903] makimakiai_rl vs wmh_mewtwo: makimakiai_rl 3-3  (6 games, 1.7s, 0.29s/game)
[339/903] makimakiai_rl vs wmh_ogerpon: makimakiai_rl 2-4  (6 games, 2.0s, 0.33s/game)
[340/903] makimakiai_rl vs wmh_trevenant: makimakiai_rl 0-6  (6 games, 1.5s, 0.25s/game)
[341/903] makimakiai_rl vs wmh_typhlosion: makimakiai_rl 1-5  (6 games, 1.4s, 0.23s/game)
[342/903] makimakiai_rl vs random_legal: makimakiai_rl 4-2  (6 games, 1.2s, 0.21s/game)
[343/903] makthanithin_1084_baseline vs makthanithin_1084_baseline: makthanithin_1084_baseline 1-1  (2 games, 0.5s, 0.27s/game)
[344/903] makthanithin_1084_baseline vs makthanithin_improved_prob: makthanithin_1084_baseline 2-4  (6 games, 1.5s, 0.25s/game)
[345/903] makthanithin_1084_baseline vs mechi22_alakazam: makthanithin_1084_baseline 1-5  (6 games, 1.6s, 0.27s/game)
[346/903] makthanithin_1084_baseline vs pixiux_lucario_v63: makthanithin_1084_baseline 2-4  (6 games, 1.3s, 0.22s/game)
[347/903] makthanithin_1084_baseline vs plamen06_steel: makthanithin_1084_baseline 3-3  (6 games, 1.4s, 0.24s/game)
[348/903] makthanithin_1084_baseline vs pllinas_alakazam: makthanithin_1084_baseline 1-5  (6 games, 7.5s, 1.26s/game)
[349/903] makthanithin_1084_baseline vs prvsiyan_control_v11: makthanithin_1084_baseline 3-3  (6 games, 1.6s, 0.27s/game)
[350/903] makthanithin_1084_baseline vs prvsiyan_grimbelief_alakazam: makthanithin_1084_baseline 6-0  (6 games, 1.3s, 0.22s/game)
[351/903] makthanithin_1084_baseline vs romanrozen_strong_start: makthanithin_1084_baseline 4-2  (6 games, 1.3s, 0.22s/game)
[352/903] makthanithin_1084_baseline vs ryotasueyoshi_alakazam: makthanithin_1084_baseline 4-2  (6 games, 1.6s, 0.27s/game)
[353/903] makthanithin_1084_baseline vs tb_abomasnow: makthanithin_1084_baseline 3-3  (6 games, 0.7s, 0.12s/game)
[354/903] makthanithin_1084_baseline vs tb_alakazam: makthanithin_1084_baseline 4-2  (6 games, 1.7s, 0.29s/game)
[355/903] makthanithin_1084_baseline vs tb_archaludon: makthanithin_1084_baseline 2-4  (6 games, 1.3s, 0.22s/game)
[356/903] makthanithin_1084_baseline vs tb_dragapult: makthanithin_1084_baseline 3-3  (6 games, 1.7s, 0.28s/game)
[357/903] makthanithin_1084_baseline vs tb_heuristic: makthanithin_1084_baseline 6-0  (6 games, 0.9s, 0.14s/game)
[358/903] makthanithin_1084_baseline vs tb_iono: makthanithin_1084_baseline 5-1  (6 games, 1.3s, 0.22s/game)
[359/903] makthanithin_1084_baseline vs tb_lucario: makthanithin_1084_baseline 5-1  (6 games, 1.2s, 0.20s/game)
[360/903] makthanithin_1084_baseline vs tb_rulecore: makthanithin_1084_baseline 4-2  (6 games, 1.6s, 0.27s/game)
[361/903] makthanithin_1084_baseline vs tb_search: makthanithin_1084_baseline 5-1  (6 games, 1.5s, 0.25s/game)
[362/903] makthanithin_1084_baseline vs tb_starmie: makthanithin_1084_baseline 6-0  (6 games, 0.8s, 0.13s/game)
[363/903] makthanithin_1084_baseline vs wmh_alakazam: makthanithin_1084_baseline 3-3  (6 games, 1.4s, 0.24s/game)
[364/903] makthanithin_1084_baseline vs wmh_bellibolt: makthanithin_1084_baseline 6-0  (6 games, 1.1s, 0.19s/game)
[365/903] makthanithin_1084_baseline vs wmh_chandelure: makthanithin_1084_baseline 5-1  (6 games, 1.0s, 0.17s/game)
[366/903] makthanithin_1084_baseline vs wmh_froslass: makthanithin_1084_baseline 5-1  (6 games, 1.2s, 0.20s/game)
[367/903] makthanithin_1084_baseline vs wmh_garchomp: makthanithin_1084_baseline 6-0  (6 games, 1.5s, 0.24s/game)
[368/903] makthanithin_1084_baseline vs wmh_grimmsnarl: makthanithin_1084_baseline 6-0  (6 games, 1.6s, 0.27s/game)
[369/903] makthanithin_1084_baseline vs wmh_kangaskhan: makthanithin_1084_baseline 6-0  (6 games, 1.5s, 0.25s/game)
[370/903] makthanithin_1084_baseline vs wmh_megastarmie: makthanithin_1084_baseline 5-1  (6 games, 0.8s, 0.14s/game)
[371/903] makthanithin_1084_baseline vs wmh_mewtwo: makthanithin_1084_baseline 6-0  (6 games, 1.7s, 0.28s/game)
[372/903] makthanithin_1084_baseline vs wmh_ogerpon: makthanithin_1084_baseline 6-0  (6 games, 1.8s, 0.29s/game)
[373/903] makthanithin_1084_baseline vs wmh_trevenant: makthanithin_1084_baseline 1-5  (6 games, 1.5s, 0.26s/game)
[374/903] makthanithin_1084_baseline vs wmh_typhlosion: makthanithin_1084_baseline 6-0  (6 games, 1.4s, 0.24s/game)
[375/903] makthanithin_1084_baseline vs random_legal: makthanithin_1084_baseline 6-0  (6 games, 0.8s, 0.13s/game)
[376/903] makthanithin_improved_prob vs makthanithin_improved_prob: makthanithin_improved_prob 0-2  (2 games, 0.5s, 0.27s/game)
[377/903] makthanithin_improved_prob vs mechi22_alakazam: makthanithin_improved_prob 3-3  (6 games, 1.5s, 0.24s/game)
[378/903] makthanithin_improved_prob vs pixiux_lucario_v63: makthanithin_improved_prob 3-3  (6 games, 1.5s, 0.24s/game)
[379/903] makthanithin_improved_prob vs plamen06_steel: makthanithin_improved_prob 3-3  (6 games, 1.2s, 0.21s/game)
[380/903] makthanithin_improved_prob vs pllinas_alakazam: makthanithin_improved_prob 1-5  (6 games, 12.0s, 2.00s/game)
[381/903] makthanithin_improved_prob vs prvsiyan_control_v11: makthanithin_improved_prob 4-2  (6 games, 1.5s, 0.24s/game)
[382/903] makthanithin_improved_prob vs prvsiyan_grimbelief_alakazam: makthanithin_improved_prob 6-0  (6 games, 1.6s, 0.26s/game)
[383/903] makthanithin_improved_prob vs romanrozen_strong_start: makthanithin_improved_prob 2-4  (6 games, 2.3s, 0.39s/game)
[384/903] makthanithin_improved_prob vs ryotasueyoshi_alakazam: makthanithin_improved_prob 3-3  (6 games, 1.4s, 0.24s/game)
[385/903] makthanithin_improved_prob vs tb_abomasnow: makthanithin_improved_prob 1-5  (6 games, 0.9s, 0.15s/game)
[386/903] makthanithin_improved_prob vs tb_alakazam: makthanithin_improved_prob 5-1  (6 games, 1.5s, 0.25s/game)
[387/903] makthanithin_improved_prob vs tb_archaludon: makthanithin_improved_prob 1-5  (6 games, 1.3s, 0.22s/game)
[388/903] makthanithin_improved_prob vs tb_dragapult: makthanithin_improved_prob 4-2  (6 games, 1.6s, 0.26s/game)
[389/903] makthanithin_improved_prob vs tb_heuristic: makthanithin_improved_prob 6-0  (6 games, 1.4s, 0.23s/game)
[390/903] makthanithin_improved_prob vs tb_iono: makthanithin_improved_prob 3-3  (6 games, 2.0s, 0.34s/game)
[391/903] makthanithin_improved_prob vs tb_lucario: makthanithin_improved_prob 5-1  (6 games, 1.5s, 0.25s/game)
[392/903] makthanithin_improved_prob vs tb_rulecore: makthanithin_improved_prob 5-1  (6 games, 1.2s, 0.21s/game)
[393/903] makthanithin_improved_prob vs tb_search: makthanithin_improved_prob 6-0  (6 games, 1.5s, 0.25s/game)
[394/903] makthanithin_improved_prob vs tb_starmie: makthanithin_improved_prob 5-1  (6 games, 1.0s, 0.16s/game)
[395/903] makthanithin_improved_prob vs wmh_alakazam: makthanithin_improved_prob 5-1  (6 games, 0.9s, 0.16s/game)
[396/903] makthanithin_improved_prob vs wmh_bellibolt: makthanithin_improved_prob 6-0  (6 games, 1.8s, 0.30s/game)
[397/903] makthanithin_improved_prob vs wmh_chandelure: makthanithin_improved_prob 4-2  (6 games, 1.0s, 0.17s/game)
[398/903] makthanithin_improved_prob vs wmh_froslass: makthanithin_improved_prob 5-1  (6 games, 1.1s, 0.18s/game)
[399/903] makthanithin_improved_prob vs wmh_garchomp: makthanithin_improved_prob 3-3  (6 games, 1.9s, 0.31s/game)
[400/903] makthanithin_improved_prob vs wmh_grimmsnarl: makthanithin_improved_prob 5-1  (6 games, 1.6s, 0.27s/game)
[401/903] makthanithin_improved_prob vs wmh_kangaskhan: makthanithin_improved_prob 6-0  (6 games, 0.9s, 0.15s/game)
[402/903] makthanithin_improved_prob vs wmh_megastarmie: makthanithin_improved_prob 3-3  (6 games, 1.0s, 0.16s/game)
[403/903] makthanithin_improved_prob vs wmh_mewtwo: makthanithin_improved_prob 5-1  (6 games, 1.6s, 0.27s/game)
[404/903] makthanithin_improved_prob vs wmh_ogerpon: makthanithin_improved_prob 6-0  (6 games, 1.7s, 0.29s/game)
[405/903] makthanithin_improved_prob vs wmh_trevenant: makthanithin_improved_prob 4-2  (6 games, 1.4s, 0.23s/game)
[406/903] makthanithin_improved_prob vs wmh_typhlosion: makthanithin_improved_prob 6-0  (6 games, 1.7s, 0.28s/game)
[407/903] makthanithin_improved_prob vs random_legal: makthanithin_improved_prob 6-0  (6 games, 0.5s, 0.09s/game)
[408/903] mechi22_alakazam vs mechi22_alakazam: mechi22_alakazam 1-1  (2 games, 0.6s, 0.29s/game)
[409/903] mechi22_alakazam vs pixiux_lucario_v63: mechi22_alakazam 2-4  (6 games, 1.7s, 0.28s/game)
[410/903] mechi22_alakazam vs plamen06_steel: mechi22_alakazam 3-3  (6 games, 1.8s, 0.31s/game)
[411/903] mechi22_alakazam vs pllinas_alakazam: mechi22_alakazam 3-3  (6 games, 7.6s, 1.27s/game)
[412/903] mechi22_alakazam vs prvsiyan_control_v11: mechi22_alakazam 6-0  (6 games, 1.0s, 0.17s/game)
[413/903] mechi22_alakazam vs prvsiyan_grimbelief_alakazam: mechi22_alakazam 4-2  (6 games, 2.9s, 0.49s/game)
[414/903] mechi22_alakazam vs romanrozen_strong_start: mechi22_alakazam 5-1  (6 games, 1.6s, 0.27s/game)
[415/903] mechi22_alakazam vs ryotasueyoshi_alakazam: mechi22_alakazam 6-0  (6 games, 1.6s, 0.27s/game)
[416/903] mechi22_alakazam vs tb_abomasnow: mechi22_alakazam 6-0  (6 games, 0.9s, 0.15s/game)
[417/903] mechi22_alakazam vs tb_alakazam: mechi22_alakazam 6-0  (6 games, 1.6s, 0.27s/game)
[418/903] mechi22_alakazam vs tb_archaludon: mechi22_alakazam 3-3  (6 games, 1.1s, 0.18s/game)
[419/903] mechi22_alakazam vs tb_dragapult: mechi22_alakazam 2-4  (6 games, 1.6s, 0.27s/game)
[420/903] mechi22_alakazam vs tb_heuristic: mechi22_alakazam 5-1  (6 games, 1.7s, 0.28s/game)
[421/903] mechi22_alakazam vs tb_iono: mechi22_alakazam 4-2  (6 games, 3.0s, 0.49s/game)
[422/903] mechi22_alakazam vs tb_lucario: mechi22_alakazam 5-1  (6 games, 1.1s, 0.18s/game)
[423/903] mechi22_alakazam vs tb_rulecore: mechi22_alakazam 5-1  (6 games, 1.4s, 0.24s/game)
[424/903] mechi22_alakazam vs tb_search: mechi22_alakazam 6-0  (6 games, 1.5s, 0.25s/game)
[425/903] mechi22_alakazam vs tb_starmie: mechi22_alakazam 5-1  (6 games, 0.9s, 0.16s/game)
[426/903] mechi22_alakazam vs wmh_alakazam: mechi22_alakazam 3-3  (6 games, 1.7s, 0.28s/game)
[427/903] mechi22_alakazam vs wmh_bellibolt: mechi22_alakazam 5-1  (6 games, 1.6s, 0.27s/game)
[428/903] mechi22_alakazam vs wmh_chandelure: mechi22_alakazam 4-2  (6 games, 1.4s, 0.23s/game)
[429/903] mechi22_alakazam vs wmh_froslass: mechi22_alakazam 6-0  (6 games, 0.8s, 0.13s/game)
[430/903] mechi22_alakazam vs wmh_garchomp: mechi22_alakazam 0-6  (6 games, 1.7s, 0.29s/game)
[431/903] mechi22_alakazam vs wmh_grimmsnarl: mechi22_alakazam 3-3  (6 games, 1.7s, 0.29s/game)
[432/903] mechi22_alakazam vs wmh_kangaskhan: mechi22_alakazam 5-1  (6 games, 1.4s, 0.23s/game)
[433/903] mechi22_alakazam vs wmh_megastarmie: mechi22_alakazam 2-4  (6 games, 0.9s, 0.16s/game)
[434/903] mechi22_alakazam vs wmh_mewtwo: mechi22_alakazam 6-0  (6 games, 2.2s, 0.37s/game)
[435/903] mechi22_alakazam vs wmh_ogerpon: mechi22_alakazam 6-0  (6 games, 1.8s, 0.30s/game)
[436/903] mechi22_alakazam vs wmh_trevenant: mechi22_alakazam 5-1  (6 games, 2.0s, 0.33s/game)
[437/903] mechi22_alakazam vs wmh_typhlosion: mechi22_alakazam 5-1  (6 games, 1.4s, 0.24s/game)
[438/903] mechi22_alakazam vs random_legal: mechi22_alakazam 6-0  (6 games, 1.1s, 0.19s/game)
[439/903] pixiux_lucario_v63 vs pixiux_lucario_v63: pixiux_lucario_v63 2-0  (2 games, 0.3s, 0.17s/game)
[440/903] pixiux_lucario_v63 vs plamen06_steel: pixiux_lucario_v63 1-5  (6 games, 1.6s, 0.27s/game)
[441/903] pixiux_lucario_v63 vs pllinas_alakazam: pixiux_lucario_v63 1-5  (6 games, 8.8s, 1.47s/game)
[442/903] pixiux_lucario_v63 vs prvsiyan_control_v11: pixiux_lucario_v63 1-5  (6 games, 1.4s, 0.23s/game)
[443/903] pixiux_lucario_v63 vs prvsiyan_grimbelief_alakazam: pixiux_lucario_v63 6-0  (6 games, 0.9s, 0.15s/game)
[444/903] pixiux_lucario_v63 vs romanrozen_strong_start: pixiux_lucario_v63 3-3  (6 games, 1.7s, 0.28s/game)
[445/903] pixiux_lucario_v63 vs ryotasueyoshi_alakazam: pixiux_lucario_v63 3-3  (6 games, 1.2s, 0.19s/game)
[446/903] pixiux_lucario_v63 vs tb_abomasnow: pixiux_lucario_v63 3-3  (6 games, 0.7s, 0.11s/game)
[447/903] pixiux_lucario_v63 vs tb_alakazam: pixiux_lucario_v63 3-3  (6 games, 1.7s, 0.29s/game)
[448/903] pixiux_lucario_v63 vs tb_archaludon: pixiux_lucario_v63 4-2  (6 games, 1.2s, 0.21s/game)
[449/903] pixiux_lucario_v63 vs tb_dragapult: pixiux_lucario_v63 1-5  (6 games, 2.1s, 0.35s/game)
[450/903] pixiux_lucario_v63 vs tb_heuristic: pixiux_lucario_v63 6-0  (6 games, 1.4s, 0.23s/game)
[451/903] pixiux_lucario_v63 vs tb_iono: pixiux_lucario_v63 3-3  (6 games, 2.3s, 0.38s/game)
[452/903] pixiux_lucario_v63 vs tb_lucario: pixiux_lucario_v63 4-1-1d  (6 games, 1.5s, 0.25s/game)
[453/903] pixiux_lucario_v63 vs tb_rulecore: pixiux_lucario_v63 5-0-1d  (6 games, 1.4s, 0.23s/game)
[454/903] pixiux_lucario_v63 vs tb_search: pixiux_lucario_v63 4-2  (6 games, 1.2s, 0.20s/game)
[455/903] pixiux_lucario_v63 vs tb_starmie: pixiux_lucario_v63 5-1  (6 games, 1.0s, 0.17s/game)
[456/903] pixiux_lucario_v63 vs wmh_alakazam: pixiux_lucario_v63 3-3  (6 games, 1.4s, 0.24s/game)
[457/903] pixiux_lucario_v63 vs wmh_bellibolt: pixiux_lucario_v63 6-0  (6 games, 1.5s, 0.24s/game)
[458/903] pixiux_lucario_v63 vs wmh_chandelure: pixiux_lucario_v63 5-1  (6 games, 1.0s, 0.17s/game)
[459/903] pixiux_lucario_v63 vs wmh_froslass: pixiux_lucario_v63 3-3  (6 games, 0.9s, 0.15s/game)
[460/903] pixiux_lucario_v63 vs wmh_garchomp: pixiux_lucario_v63 4-2  (6 games, 2.1s, 0.35s/game)
[461/903] pixiux_lucario_v63 vs wmh_grimmsnarl: pixiux_lucario_v63 6-0  (6 games, 1.2s, 0.19s/game)
[462/903] pixiux_lucario_v63 vs wmh_kangaskhan: pixiux_lucario_v63 6-0  (6 games, 1.1s, 0.18s/game)
[463/903] pixiux_lucario_v63 vs wmh_megastarmie: pixiux_lucario_v63 5-1  (6 games, 0.9s, 0.15s/game)
[464/903] pixiux_lucario_v63 vs wmh_mewtwo: pixiux_lucario_v63 6-0  (6 games, 1.6s, 0.27s/game)
[465/903] pixiux_lucario_v63 vs wmh_ogerpon: pixiux_lucario_v63 6-0  (6 games, 1.5s, 0.26s/game)
[466/903] pixiux_lucario_v63 vs wmh_trevenant: pixiux_lucario_v63 2-4  (6 games, 1.4s, 0.24s/game)
[467/903] pixiux_lucario_v63 vs wmh_typhlosion: pixiux_lucario_v63 5-1  (6 games, 1.4s, 0.23s/game)
[468/903] pixiux_lucario_v63 vs random_legal: pixiux_lucario_v63 6-0  (6 games, 0.5s, 0.08s/game)
[469/903] plamen06_steel vs plamen06_steel: plamen06_steel 0-2  (2 games, 0.6s, 0.28s/game)
[470/903] plamen06_steel vs pllinas_alakazam: plamen06_steel 0-6  (6 games, 7.8s, 1.29s/game)
[471/903] plamen06_steel vs prvsiyan_control_v11: plamen06_steel 2-4  (6 games, 1.1s, 0.19s/game)
[472/903] plamen06_steel vs prvsiyan_grimbelief_alakazam: plamen06_steel 5-1  (6 games, 1.2s, 0.20s/game)
[473/903] plamen06_steel vs romanrozen_strong_start: plamen06_steel 4-2  (6 games, 1.4s, 0.24s/game)
[474/903] plamen06_steel vs ryotasueyoshi_alakazam: plamen06_steel 2-4  (6 games, 1.1s, 0.18s/game)
[475/903] plamen06_steel vs tb_abomasnow: plamen06_steel 6-0  (6 games, 0.5s, 0.08s/game)
[476/903] plamen06_steel vs tb_alakazam: plamen06_steel 3-3  (6 games, 1.2s, 0.20s/game)
[477/903] plamen06_steel vs tb_archaludon: plamen06_steel 4-2  (6 games, 1.2s, 0.20s/game)
[478/903] plamen06_steel vs tb_dragapult: plamen06_steel 5-1  (6 games, 1.4s, 0.23s/game)
[479/903] plamen06_steel vs tb_heuristic: plamen06_steel 6-0  (6 games, 1.4s, 0.24s/game)
[480/903] plamen06_steel vs tb_iono: plamen06_steel 5-1  (6 games, 2.5s, 0.42s/game)
[481/903] plamen06_steel vs tb_lucario: plamen06_steel 5-1  (6 games, 1.1s, 0.18s/game)
[482/903] plamen06_steel vs tb_rulecore: plamen06_steel 4-2  (6 games, 1.4s, 0.23s/game)
[483/903] plamen06_steel vs tb_search: plamen06_steel 6-0  (6 games, 1.2s, 0.20s/game)
[484/903] plamen06_steel vs tb_starmie: plamen06_steel 6-0  (6 games, 0.7s, 0.12s/game)
[485/903] plamen06_steel vs wmh_alakazam: plamen06_steel 3-3  (6 games, 1.2s, 0.19s/game)
[486/903] plamen06_steel vs wmh_bellibolt: plamen06_steel 5-1  (6 games, 1.7s, 0.29s/game)
[487/903] plamen06_steel vs wmh_chandelure: plamen06_steel 6-0  (6 games, 1.2s, 0.19s/game)
[488/903] plamen06_steel vs wmh_froslass: plamen06_steel 6-0  (6 games, 0.8s, 0.14s/game)
[489/903] plamen06_steel vs wmh_garchomp: plamen06_steel 6-0  (6 games, 1.6s, 0.26s/game)
[490/903] plamen06_steel vs wmh_grimmsnarl: plamen06_steel 6-0  (6 games, 2.0s, 0.33s/game)
[491/903] plamen06_steel vs wmh_kangaskhan: plamen06_steel 5-1  (6 games, 1.2s, 0.20s/game)
[492/903] plamen06_steel vs wmh_megastarmie: plamen06_steel 4-2  (6 games, 1.1s, 0.18s/game)
[493/903] plamen06_steel vs wmh_mewtwo: plamen06_steel 6-0  (6 games, 1.5s, 0.24s/game)
[494/903] plamen06_steel vs wmh_ogerpon: plamen06_steel 4-2  (6 games, 2.1s, 0.36s/game)
[495/903] plamen06_steel vs wmh_trevenant: plamen06_steel 6-0  (6 games, 1.5s, 0.25s/game)
[496/903] plamen06_steel vs wmh_typhlosion: plamen06_steel 6-0  (6 games, 1.6s, 0.26s/game)
[497/903] plamen06_steel vs random_legal: plamen06_steel 6-0  (6 games, 0.5s, 0.08s/game)
[498/903] pllinas_alakazam vs pllinas_alakazam: pllinas_alakazam 1-1  (2 games, 4.2s, 2.08s/game)
[499/903] pllinas_alakazam vs prvsiyan_control_v11: pllinas_alakazam 2-4  (6 games, 8.9s, 1.48s/game)
[500/903] pllinas_alakazam vs prvsiyan_grimbelief_alakazam: pllinas_alakazam 5-1  (6 games, 7.4s, 1.23s/game)
[501/903] pllinas_alakazam vs romanrozen_strong_start: pllinas_alakazam 5-1  (6 games, 5.8s, 0.96s/game)
[502/903] pllinas_alakazam vs ryotasueyoshi_alakazam: pllinas_alakazam 5-1  (6 games, 10.8s, 1.80s/game)
[503/903] pllinas_alakazam vs tb_abomasnow: pllinas_alakazam 6-0  (6 games, 6.0s, 1.00s/game)
[504/903] pllinas_alakazam vs tb_alakazam: pllinas_alakazam 5-1  (6 games, 6.1s, 1.02s/game)
[505/903] pllinas_alakazam vs tb_archaludon: pllinas_alakazam 5-1  (6 games, 7.7s, 1.28s/game)
[506/903] pllinas_alakazam vs tb_dragapult: pllinas_alakazam 3-3  (6 games, 6.8s, 1.13s/game)
[507/903] pllinas_alakazam vs tb_heuristic: pllinas_alakazam 6-0  (6 games, 4.9s, 0.82s/game)
[508/903] pllinas_alakazam vs tb_iono: pllinas_alakazam 4-2  (6 games, 38.1s, 6.35s/game)
[509/903] pllinas_alakazam vs tb_lucario: pllinas_alakazam 5-1  (6 games, 5.9s, 0.99s/game)
[510/903] pllinas_alakazam vs tb_rulecore: pllinas_alakazam 6-0  (6 games, 5.9s, 0.98s/game)
[511/903] pllinas_alakazam vs tb_search: pllinas_alakazam 6-0  (6 games, 9.4s, 1.57s/game)
[512/903] pllinas_alakazam vs tb_starmie: pllinas_alakazam 6-0  (6 games, 3.1s, 0.52s/game)
[513/903] pllinas_alakazam vs wmh_alakazam: pllinas_alakazam 4-2  (6 games, 7.6s, 1.26s/game)
[514/903] pllinas_alakazam vs wmh_bellibolt: pllinas_alakazam 6-0  (6 games, 12.3s, 2.05s/game)
[515/903] pllinas_alakazam vs wmh_chandelure: pllinas_alakazam 5-1  (6 games, 6.9s, 1.14s/game)
[516/903] pllinas_alakazam vs wmh_froslass: pllinas_alakazam 4-2  (6 games, 5.6s, 0.93s/game)
[517/903] pllinas_alakazam vs wmh_garchomp: pllinas_alakazam 4-2  (6 games, 9.7s, 1.62s/game)
[518/903] pllinas_alakazam vs wmh_grimmsnarl: pllinas_alakazam 6-0  (6 games, 12.9s, 2.15s/game)
[519/903] pllinas_alakazam vs wmh_kangaskhan: pllinas_alakazam 6-0  (6 games, 6.2s, 1.04s/game)
[520/903] pllinas_alakazam vs wmh_megastarmie: pllinas_alakazam 3-3  (6 games, 4.4s, 0.73s/game)
[521/903] pllinas_alakazam vs wmh_mewtwo: pllinas_alakazam 5-1  (6 games, 9.7s, 1.62s/game)
[522/903] pllinas_alakazam vs wmh_ogerpon: pllinas_alakazam 6-0  (6 games, 9.0s, 1.49s/game)
[523/903] pllinas_alakazam vs wmh_trevenant: pllinas_alakazam 5-1  (6 games, 7.2s, 1.20s/game)
[524/903] pllinas_alakazam vs wmh_typhlosion: pllinas_alakazam 6-0  (6 games, 8.7s, 1.45s/game)
[525/903] pllinas_alakazam vs random_legal: pllinas_alakazam 6-0  (6 games, 2.7s, 0.44s/game)
[526/903] prvsiyan_control_v11 vs prvsiyan_control_v11: prvsiyan_control_v11 2-0  (2 games, 0.4s, 0.20s/game)
[527/903] prvsiyan_control_v11 vs prvsiyan_grimbelief_alakazam: prvsiyan_control_v11 5-1  (6 games, 4.9s, 0.82s/game)
[528/903] prvsiyan_control_v11 vs romanrozen_strong_start: prvsiyan_control_v11 4-2  (6 games, 1.4s, 0.23s/game)
[529/903] prvsiyan_control_v11 vs ryotasueyoshi_alakazam: prvsiyan_control_v11 3-3  (6 games, 1.3s, 0.21s/game)
[530/903] prvsiyan_control_v11 vs tb_abomasnow: prvsiyan_control_v11 6-0  (6 games, 1.1s, 0.19s/game)
[531/903] prvsiyan_control_v11 vs tb_alakazam: prvsiyan_control_v11 6-0  (6 games, 1.5s, 0.24s/game)
[532/903] prvsiyan_control_v11 vs tb_archaludon: prvsiyan_control_v11 3-3  (6 games, 1.5s, 0.25s/game)
[533/903] prvsiyan_control_v11 vs tb_dragapult: prvsiyan_control_v11 4-2  (6 games, 2.8s, 0.47s/game)
[534/903] prvsiyan_control_v11 vs tb_heuristic: prvsiyan_control_v11 6-0  (6 games, 1.5s, 0.25s/game)
[535/903] prvsiyan_control_v11 vs tb_iono: prvsiyan_control_v11 0-6  (6 games, 2.0s, 0.34s/game)
[536/903] prvsiyan_control_v11 vs tb_lucario: prvsiyan_control_v11 4-2  (6 games, 1.4s, 0.23s/game)
[537/903] prvsiyan_control_v11 vs tb_rulecore: prvsiyan_control_v11 6-0  (6 games, 1.6s, 0.27s/game)
[538/903] prvsiyan_control_v11 vs tb_search: prvsiyan_control_v11 4-2  (6 games, 1.0s, 0.17s/game)
[539/903] prvsiyan_control_v11 vs tb_starmie: prvsiyan_control_v11 5-1  (6 games, 1.8s, 0.29s/game)
[540/903] prvsiyan_control_v11 vs wmh_alakazam: prvsiyan_control_v11 3-3  (6 games, 1.4s, 0.24s/game)
[541/903] prvsiyan_control_v11 vs wmh_bellibolt: prvsiyan_control_v11 2-4  (6 games, 2.1s, 0.35s/game)
[542/903] prvsiyan_control_v11 vs wmh_chandelure: prvsiyan_control_v11 4-2  (6 games, 1.5s, 0.25s/game)
[543/903] prvsiyan_control_v11 vs wmh_froslass: prvsiyan_control_v11 3-3  (6 games, 2.0s, 0.33s/game)
[544/903] prvsiyan_control_v11 vs wmh_garchomp: prvsiyan_control_v11 6-0  (6 games, 1.6s, 0.27s/game)
[545/903] prvsiyan_control_v11 vs wmh_grimmsnarl: prvsiyan_control_v11 4-2  (6 games, 1.9s, 0.32s/game)
[546/903] prvsiyan_control_v11 vs wmh_kangaskhan: prvsiyan_control_v11 6-0  (6 games, 2.0s, 0.33s/game)
[547/903] prvsiyan_control_v11 vs wmh_megastarmie: prvsiyan_control_v11 3-3  (6 games, 1.6s, 0.26s/game)
[548/903] prvsiyan_control_v11 vs wmh_mewtwo: prvsiyan_control_v11 6-0  (6 games, 1.4s, 0.23s/game)
[549/903] prvsiyan_control_v11 vs wmh_ogerpon: prvsiyan_control_v11 6-0  (6 games, 1.6s, 0.27s/game)
[550/903] prvsiyan_control_v11 vs wmh_trevenant: prvsiyan_control_v11 5-1  (6 games, 1.5s, 0.25s/game)
[551/903] prvsiyan_control_v11 vs wmh_typhlosion: prvsiyan_control_v11 0-6  (6 games, 1.1s, 0.18s/game)
[552/903] prvsiyan_control_v11 vs random_legal: prvsiyan_control_v11 5-1  (6 games, 1.2s, 0.20s/game)
[553/903] prvsiyan_grimbelief_alakazam vs prvsiyan_grimbelief_alakazam: prvsiyan_grimbelief_alakazam 1-1  (2 games, 1.2s, 0.61s/game)
[554/903] prvsiyan_grimbelief_alakazam vs romanrozen_strong_start: prvsiyan_grimbelief_alakazam 0-6  (6 games, 2.3s, 0.39s/game)
[555/903] prvsiyan_grimbelief_alakazam vs ryotasueyoshi_alakazam: prvsiyan_grimbelief_alakazam 2-4  (6 games, 3.1s, 0.52s/game)
[556/903] prvsiyan_grimbelief_alakazam vs tb_abomasnow: prvsiyan_grimbelief_alakazam 0-6  (6 games, 1.6s, 0.27s/game)
[557/903] prvsiyan_grimbelief_alakazam vs tb_alakazam: prvsiyan_grimbelief_alakazam 0-6  (6 games, 2.6s, 0.43s/game)
[558/903] prvsiyan_grimbelief_alakazam vs tb_archaludon: prvsiyan_grimbelief_alakazam 0-6  (6 games, 1.2s, 0.20s/game)
[559/903] prvsiyan_grimbelief_alakazam vs tb_dragapult: prvsiyan_grimbelief_alakazam 0-6  (6 games, 2.7s, 0.45s/game)
[560/903] prvsiyan_grimbelief_alakazam vs tb_heuristic: prvsiyan_grimbelief_alakazam 1-5  (6 games, 1.5s, 0.25s/game)
[561/903] prvsiyan_grimbelief_alakazam vs tb_iono: prvsiyan_grimbelief_alakazam 0-6  (6 games, 3.1s, 0.52s/game)
[562/903] prvsiyan_grimbelief_alakazam vs tb_lucario: prvsiyan_grimbelief_alakazam 1-5  (6 games, 1.6s, 0.26s/game)
[563/903] prvsiyan_grimbelief_alakazam vs tb_rulecore: prvsiyan_grimbelief_alakazam 1-5  (6 games, 1.8s, 0.30s/game)
[564/903] prvsiyan_grimbelief_alakazam vs tb_search: prvsiyan_grimbelief_alakazam 3-3  (6 games, 2.5s, 0.42s/game)
[565/903] prvsiyan_grimbelief_alakazam vs tb_starmie: prvsiyan_grimbelief_alakazam 1-5  (6 games, 4.1s, 0.68s/game)
[566/903] prvsiyan_grimbelief_alakazam vs wmh_alakazam: prvsiyan_grimbelief_alakazam 1-5  (6 games, 2.8s, 0.46s/game)
[567/903] prvsiyan_grimbelief_alakazam vs wmh_bellibolt: prvsiyan_grimbelief_alakazam 2-4  (6 games, 3.2s, 0.54s/game)
[568/903] prvsiyan_grimbelief_alakazam vs wmh_chandelure: prvsiyan_grimbelief_alakazam 3-3  (6 games, 3.6s, 0.61s/game)
[569/903] prvsiyan_grimbelief_alakazam vs wmh_froslass: prvsiyan_grimbelief_alakazam 1-5  (6 games, 1.7s, 0.28s/game)
[570/903] prvsiyan_grimbelief_alakazam vs wmh_garchomp: prvsiyan_grimbelief_alakazam 0-6  (6 games, 2.1s, 0.35s/game)
[571/903] prvsiyan_grimbelief_alakazam vs wmh_grimmsnarl: prvsiyan_grimbelief_alakazam 2-4  (6 games, 2.9s, 0.49s/game)
[572/903] prvsiyan_grimbelief_alakazam vs wmh_kangaskhan: prvsiyan_grimbelief_alakazam 4-2  (6 games, 1.9s, 0.32s/game)
[573/903] prvsiyan_grimbelief_alakazam vs wmh_megastarmie: prvsiyan_grimbelief_alakazam 1-5  (6 games, 1.9s, 0.31s/game)
[574/903] prvsiyan_grimbelief_alakazam vs wmh_mewtwo: prvsiyan_grimbelief_alakazam 5-1  (6 games, 2.8s, 0.46s/game)
[575/903] prvsiyan_grimbelief_alakazam vs wmh_ogerpon: prvsiyan_grimbelief_alakazam 5-1  (6 games, 4.0s, 0.67s/game)
[576/903] prvsiyan_grimbelief_alakazam vs wmh_trevenant: prvsiyan_grimbelief_alakazam 0-6  (6 games, 1.5s, 0.25s/game)
[577/903] prvsiyan_grimbelief_alakazam vs wmh_typhlosion: prvsiyan_grimbelief_alakazam 0-6  (6 games, 3.2s, 0.54s/game)
[578/903] prvsiyan_grimbelief_alakazam vs random_legal: prvsiyan_grimbelief_alakazam 6-0  (6 games, 2.4s, 0.39s/game)
[579/903] romanrozen_strong_start vs romanrozen_strong_start: romanrozen_strong_start 1-1  (2 games, 0.5s, 0.24s/game)
[580/903] romanrozen_strong_start vs ryotasueyoshi_alakazam: romanrozen_strong_start 4-2  (6 games, 1.8s, 0.30s/game)
[581/903] romanrozen_strong_start vs tb_abomasnow: romanrozen_strong_start 5-1  (6 games, 0.4s, 0.07s/game)
[582/903] romanrozen_strong_start vs tb_alakazam: romanrozen_strong_start 1-5  (6 games, 1.4s, 0.24s/game)
[583/903] romanrozen_strong_start vs tb_archaludon: romanrozen_strong_start 5-1  (6 games, 0.9s, 0.15s/game)
[584/903] romanrozen_strong_start vs tb_dragapult: romanrozen_strong_start 5-1  (6 games, 1.8s, 0.30s/game)
[585/903] romanrozen_strong_start vs tb_heuristic: romanrozen_strong_start 6-0  (6 games, 1.4s, 0.24s/game)
[586/903] romanrozen_strong_start vs tb_iono: romanrozen_strong_start 6-0  (6 games, 1.0s, 0.16s/game)
[587/903] romanrozen_strong_start vs tb_lucario: romanrozen_strong_start 4-2  (6 games, 1.4s, 0.24s/game)
[588/903] romanrozen_strong_start vs tb_rulecore: romanrozen_strong_start 4-2  (6 games, 1.1s, 0.18s/game)
[589/903] romanrozen_strong_start vs tb_search: romanrozen_strong_start 6-0  (6 games, 1.2s, 0.20s/game)
[590/903] romanrozen_strong_start vs tb_starmie: romanrozen_strong_start 6-0  (6 games, 0.8s, 0.14s/game)
[591/903] romanrozen_strong_start vs wmh_alakazam: romanrozen_strong_start 2-4  (6 games, 1.0s, 0.17s/game)
[592/903] romanrozen_strong_start vs wmh_bellibolt: romanrozen_strong_start 6-0  (6 games, 1.2s, 0.20s/game)
[593/903] romanrozen_strong_start vs wmh_chandelure: romanrozen_strong_start 6-0  (6 games, 0.8s, 0.14s/game)
[594/903] romanrozen_strong_start vs wmh_froslass: romanrozen_strong_start 2-4  (6 games, 1.3s, 0.22s/game)
[595/903] romanrozen_strong_start vs wmh_garchomp: romanrozen_strong_start 2-4  (6 games, 1.6s, 0.27s/game)
[596/903] romanrozen_strong_start vs wmh_grimmsnarl: romanrozen_strong_start 6-0  (6 games, 1.5s, 0.25s/game)
[597/903] romanrozen_strong_start vs wmh_kangaskhan: romanrozen_strong_start 6-0  (6 games, 1.0s, 0.17s/game)
[598/903] romanrozen_strong_start vs wmh_megastarmie: romanrozen_strong_start 5-1  (6 games, 1.1s, 0.18s/game)
[599/903] romanrozen_strong_start vs wmh_mewtwo: romanrozen_strong_start 6-0  (6 games, 1.6s, 0.26s/game)
[600/903] romanrozen_strong_start vs wmh_ogerpon: romanrozen_strong_start 6-0  (6 games, 1.3s, 0.22s/game)
[601/903] romanrozen_strong_start vs wmh_trevenant: romanrozen_strong_start 2-4  (6 games, 1.6s, 0.26s/game)
[602/903] romanrozen_strong_start vs wmh_typhlosion: romanrozen_strong_start 6-0  (6 games, 1.7s, 0.28s/game)
[603/903] romanrozen_strong_start vs random_legal: romanrozen_strong_start 6-0  (6 games, 0.6s, 0.09s/game)
[604/903] ryotasueyoshi_alakazam vs ryotasueyoshi_alakazam: ryotasueyoshi_alakazam 1-1  (2 games, 0.4s, 0.21s/game)
[605/903] ryotasueyoshi_alakazam vs tb_abomasnow: ryotasueyoshi_alakazam 4-2  (6 games, 0.9s, 0.15s/game)
[606/903] ryotasueyoshi_alakazam vs tb_alakazam: ryotasueyoshi_alakazam 3-3  (6 games, 1.6s, 0.26s/game)
[607/903] ryotasueyoshi_alakazam vs tb_archaludon: ryotasueyoshi_alakazam 3-3  (6 games, 1.5s, 0.25s/game)
[608/903] ryotasueyoshi_alakazam vs tb_dragapult: ryotasueyoshi_alakazam 2-4  (6 games, 1.4s, 0.23s/game)
[609/903] ryotasueyoshi_alakazam vs tb_heuristic: ryotasueyoshi_alakazam 5-1  (6 games, 1.9s, 0.31s/game)
[610/903] ryotasueyoshi_alakazam vs tb_iono: ryotasueyoshi_alakazam 3-3  (6 games, 2.7s, 0.45s/game)
[611/903] ryotasueyoshi_alakazam vs tb_lucario: ryotasueyoshi_alakazam 4-2  (6 games, 1.6s, 0.27s/game)
[612/903] ryotasueyoshi_alakazam vs tb_rulecore: ryotasueyoshi_alakazam 6-0  (6 games, 1.5s, 0.24s/game)
[613/903] ryotasueyoshi_alakazam vs tb_search: ryotasueyoshi_alakazam 5-1  (6 games, 1.4s, 0.24s/game)
[614/903] ryotasueyoshi_alakazam vs tb_starmie: ryotasueyoshi_alakazam 4-2  (6 games, 1.2s, 0.21s/game)
[615/903] ryotasueyoshi_alakazam vs wmh_alakazam: ryotasueyoshi_alakazam 2-4  (6 games, 1.8s, 0.29s/game)
[616/903] ryotasueyoshi_alakazam vs wmh_bellibolt: ryotasueyoshi_alakazam 6-0  (6 games, 1.6s, 0.26s/game)
[617/903] ryotasueyoshi_alakazam vs wmh_chandelure: ryotasueyoshi_alakazam 4-2  (6 games, 1.4s, 0.23s/game)
[618/903] ryotasueyoshi_alakazam vs wmh_froslass: ryotasueyoshi_alakazam 5-1  (6 games, 1.2s, 0.21s/game)
[619/903] ryotasueyoshi_alakazam vs wmh_garchomp: ryotasueyoshi_alakazam 1-5  (6 games, 1.6s, 0.26s/game)
[620/903] ryotasueyoshi_alakazam vs wmh_grimmsnarl: ryotasueyoshi_alakazam 5-1  (6 games, 1.8s, 0.31s/game)
[621/903] ryotasueyoshi_alakazam vs wmh_kangaskhan: ryotasueyoshi_alakazam 4-2  (6 games, 1.5s, 0.25s/game)
[622/903] ryotasueyoshi_alakazam vs wmh_megastarmie: ryotasueyoshi_alakazam 3-3  (6 games, 0.9s, 0.15s/game)
[623/903] ryotasueyoshi_alakazam vs wmh_mewtwo: ryotasueyoshi_alakazam 2-4  (6 games, 1.9s, 0.32s/game)
[624/903] ryotasueyoshi_alakazam vs wmh_ogerpon: ryotasueyoshi_alakazam 6-0  (6 games, 2.0s, 0.34s/game)
[625/903] ryotasueyoshi_alakazam vs wmh_trevenant: ryotasueyoshi_alakazam 3-3  (6 games, 1.4s, 0.24s/game)
[626/903] ryotasueyoshi_alakazam vs wmh_typhlosion: ryotasueyoshi_alakazam 6-0  (6 games, 2.0s, 0.33s/game)
[627/903] ryotasueyoshi_alakazam vs random_legal: ryotasueyoshi_alakazam 5-1  (6 games, 0.9s, 0.15s/game)
[628/903] tb_abomasnow vs tb_abomasnow: tb_abomasnow 2-0  (2 games, 0.1s, 0.04s/game)
[629/903] tb_abomasnow vs tb_alakazam: tb_abomasnow 2-4  (6 games, 1.0s, 0.17s/game)
[630/903] tb_abomasnow vs tb_archaludon: tb_abomasnow 3-3  (6 games, 0.8s, 0.14s/game)
[631/903] tb_abomasnow vs tb_dragapult: tb_abomasnow 3-3  (6 games, 1.1s, 0.19s/game)
[632/903] tb_abomasnow vs tb_heuristic: tb_abomasnow 5-1  (6 games, 1.0s, 0.17s/game)
[633/903] tb_abomasnow vs tb_iono: tb_abomasnow 1-5  (6 games, 2.1s, 0.36s/game)
[634/903] tb_abomasnow vs tb_lucario: tb_abomasnow 6-0  (6 games, 0.9s, 0.15s/game)
[635/903] tb_abomasnow vs tb_rulecore: tb_abomasnow 4-2  (6 games, 0.7s, 0.11s/game)
[636/903] tb_abomasnow vs tb_search: tb_abomasnow 5-1  (6 games, 0.7s, 0.12s/game)
[637/903] tb_abomasnow vs tb_starmie: tb_abomasnow 6-0  (6 games, 0.6s, 0.11s/game)
[638/903] tb_abomasnow vs wmh_alakazam: tb_abomasnow 3-3  (6 games, 0.8s, 0.14s/game)
[639/903] tb_abomasnow vs wmh_bellibolt: tb_abomasnow 5-1  (6 games, 1.4s, 0.23s/game)
[640/903] tb_abomasnow vs wmh_chandelure: tb_abomasnow 3-3  (6 games, 0.9s, 0.15s/game)
[641/903] tb_abomasnow vs wmh_froslass: tb_abomasnow 5-1  (6 games, 0.6s, 0.09s/game)
[642/903] tb_abomasnow vs wmh_garchomp: tb_abomasnow 3-3  (6 games, 1.1s, 0.18s/game)
[643/903] tb_abomasnow vs wmh_grimmsnarl: tb_abomasnow 6-0  (6 games, 1.4s, 0.23s/game)
[644/903] tb_abomasnow vs wmh_kangaskhan: tb_abomasnow 6-0  (6 games, 0.8s, 0.13s/game)
[645/903] tb_abomasnow vs wmh_megastarmie: tb_abomasnow 4-2  (6 games, 0.6s, 0.09s/game)
[646/903] tb_abomasnow vs wmh_mewtwo: tb_abomasnow 6-0  (6 games, 0.8s, 0.13s/game)
[647/903] tb_abomasnow vs wmh_ogerpon: tb_abomasnow 5-1  (6 games, 1.5s, 0.25s/game)
[648/903] tb_abomasnow vs wmh_trevenant: tb_abomasnow 2-4  (6 games, 1.0s, 0.16s/game)
[649/903] tb_abomasnow vs wmh_typhlosion: tb_abomasnow 3-3  (6 games, 1.5s, 0.24s/game)
[650/903] tb_abomasnow vs random_legal: tb_abomasnow 6-0  (6 games, 0.4s, 0.07s/game)
[651/903] tb_alakazam vs tb_alakazam: tb_alakazam 0-2  (2 games, 0.7s, 0.33s/game)
[652/903] tb_alakazam vs tb_archaludon: tb_alakazam 3-3  (6 games, 1.5s, 0.25s/game)
[653/903] tb_alakazam vs tb_dragapult: tb_alakazam 4-2  (6 games, 1.9s, 0.31s/game)
[654/903] tb_alakazam vs tb_heuristic: tb_alakazam 6-0  (6 games, 1.4s, 0.23s/game)
[655/903] tb_alakazam vs tb_iono: tb_alakazam 2-4  (6 games, 2.4s, 0.40s/game)
[656/903] tb_alakazam vs tb_lucario: tb_alakazam 3-3  (6 games, 1.0s, 0.17s/game)
[657/903] tb_alakazam vs tb_rulecore: tb_alakazam 3-3  (6 games, 1.3s, 0.22s/game)
[658/903] tb_alakazam vs tb_search: tb_alakazam 6-0  (6 games, 1.5s, 0.25s/game)
[659/903] tb_alakazam vs tb_starmie: tb_alakazam 5-1  (6 games, 1.3s, 0.22s/game)
[660/903] tb_alakazam vs wmh_alakazam: tb_alakazam 1-5  (6 games, 1.7s, 0.28s/game)
[661/903] tb_alakazam vs wmh_bellibolt: tb_alakazam 4-2  (6 games, 1.5s, 0.24s/game)
[662/903] tb_alakazam vs wmh_chandelure: tb_alakazam 2-4  (6 games, 1.3s, 0.22s/game)
[663/903] tb_alakazam vs wmh_froslass: tb_alakazam 5-1  (6 games, 1.1s, 0.18s/game)
[664/903] tb_alakazam vs wmh_garchomp: tb_alakazam 2-4  (6 games, 2.0s, 0.33s/game)
[665/903] tb_alakazam vs wmh_grimmsnarl: tb_alakazam 5-1  (6 games, 1.7s, 0.28s/game)
[666/903] tb_alakazam vs wmh_kangaskhan: tb_alakazam 5-1  (6 games, 1.7s, 0.28s/game)
[667/903] tb_alakazam vs wmh_megastarmie: tb_alakazam 4-2  (6 games, 1.4s, 0.24s/game)
[668/903] tb_alakazam vs wmh_mewtwo: tb_alakazam 1-5  (6 games, 1.9s, 0.32s/game)
[669/903] tb_alakazam vs wmh_ogerpon: tb_alakazam 6-0  (6 games, 1.5s, 0.25s/game)
[670/903] tb_alakazam vs wmh_trevenant: tb_alakazam 2-4  (6 games, 1.5s, 0.25s/game)
[671/903] tb_alakazam vs wmh_typhlosion: tb_alakazam 5-1  (6 games, 1.8s, 0.30s/game)
[672/903] tb_alakazam vs random_legal: tb_alakazam 6-0  (6 games, 0.8s, 0.14s/game)
[673/903] tb_archaludon vs tb_archaludon: tb_archaludon 1-1  (2 games, 0.4s, 0.19s/game)
[674/903] tb_archaludon vs tb_dragapult: tb_archaludon 3-3  (6 games, 1.5s, 0.25s/game)
[675/903] tb_archaludon vs tb_heuristic: tb_archaludon 5-1  (6 games, 1.2s, 0.20s/game)
[676/903] tb_archaludon vs tb_iono: tb_archaludon 2-4  (6 games, 3.1s, 0.51s/game)
[677/903] tb_archaludon vs tb_lucario: tb_archaludon 4-2  (6 games, 1.7s, 0.28s/game)
[678/903] tb_archaludon vs tb_rulecore: tb_archaludon 4-2  (6 games, 1.7s, 0.28s/game)
[679/903] tb_archaludon vs tb_search: tb_archaludon 6-0  (6 games, 2.1s, 0.35s/game)
[680/903] tb_archaludon vs tb_starmie: tb_archaludon 6-0  (6 games, 1.0s, 0.17s/game)
[681/903] tb_archaludon vs wmh_alakazam: tb_archaludon 2-4  (6 games, 1.2s, 0.20s/game)
[682/903] tb_archaludon vs wmh_bellibolt: tb_archaludon 6-0  (6 games, 1.6s, 0.27s/game)
[683/903] tb_archaludon vs wmh_chandelure: tb_archaludon 3-3  (6 games, 1.8s, 0.30s/game)
[684/903] tb_archaludon vs wmh_froslass: tb_archaludon 6-0  (6 games, 1.3s, 0.21s/game)
[685/903] tb_archaludon vs wmh_garchomp: tb_archaludon 3-3  (6 games, 1.4s, 0.23s/game)
[686/903] tb_archaludon vs wmh_grimmsnarl: tb_archaludon 6-0  (6 games, 1.6s, 0.27s/game)
[687/903] tb_archaludon vs wmh_kangaskhan: tb_archaludon 6-0  (6 games, 1.4s, 0.24s/game)
[688/903] tb_archaludon vs wmh_megastarmie: tb_archaludon 5-1  (6 games, 1.2s, 0.20s/game)
[689/903] tb_archaludon vs wmh_mewtwo: tb_archaludon 5-1  (6 games, 1.5s, 0.25s/game)
[690/903] tb_archaludon vs wmh_ogerpon: tb_archaludon 6-0  (6 games, 1.9s, 0.32s/game)
[691/903] tb_archaludon vs wmh_trevenant: tb_archaludon 5-1  (6 games, 1.7s, 0.28s/game)
[692/903] tb_archaludon vs wmh_typhlosion: tb_archaludon 6-0  (6 games, 2.3s, 0.39s/game)
[693/903] tb_archaludon vs random_legal: tb_archaludon 6-0  (6 games, 0.9s, 0.15s/game)
[694/903] tb_dragapult vs tb_dragapult: tb_dragapult 0-2  (2 games, 0.7s, 0.36s/game)
[695/903] tb_dragapult vs tb_heuristic: tb_dragapult 6-0  (6 games, 1.9s, 0.31s/game)
[696/903] tb_dragapult vs tb_iono: tb_dragapult 6-0  (6 games, 3.5s, 0.59s/game)
[697/903] tb_dragapult vs tb_lucario: tb_dragapult 3-3  (6 games, 2.4s, 0.40s/game)
[698/903] tb_dragapult vs tb_rulecore: tb_dragapult 6-0  (6 games, 2.3s, 0.38s/game)
[699/903] tb_dragapult vs tb_search: tb_dragapult 3-3  (6 games, 2.0s, 0.33s/game)
[700/903] tb_dragapult vs tb_starmie: tb_dragapult 6-0  (6 games, 1.3s, 0.21s/game)
[701/903] tb_dragapult vs wmh_alakazam: tb_dragapult 3-3  (6 games, 1.5s, 0.26s/game)
[702/903] tb_dragapult vs wmh_bellibolt: tb_dragapult 6-0  (6 games, 2.1s, 0.36s/game)
[703/903] tb_dragapult vs wmh_chandelure: tb_dragapult 5-1  (6 games, 1.5s, 0.25s/game)
[704/903] tb_dragapult vs wmh_froslass: tb_dragapult 5-1  (6 games, 1.3s, 0.22s/game)
[705/903] tb_dragapult vs wmh_garchomp: tb_dragapult 3-3  (6 games, 2.0s, 0.34s/game)
[706/903] tb_dragapult vs wmh_grimmsnarl: tb_dragapult 5-1  (6 games, 2.5s, 0.42s/game)
[707/903] tb_dragapult vs wmh_kangaskhan: tb_dragapult 6-0  (6 games, 1.6s, 0.26s/game)
[708/903] tb_dragapult vs wmh_megastarmie: tb_dragapult 2-4  (6 games, 1.1s, 0.18s/game)
[709/903] tb_dragapult vs wmh_mewtwo: tb_dragapult 6-0  (6 games, 3.1s, 0.52s/game)
[710/903] tb_dragapult vs wmh_ogerpon: tb_dragapult 6-0  (6 games, 2.4s, 0.40s/game)
[711/903] tb_dragapult vs wmh_trevenant: tb_dragapult 6-0  (6 games, 3.0s, 0.50s/game)
[712/903] tb_dragapult vs wmh_typhlosion: tb_dragapult 6-0  (6 games, 1.4s, 0.24s/game)
[713/903] tb_dragapult vs random_legal: tb_dragapult 6-0  (6 games, 1.0s, 0.17s/game)
[714/903] tb_heuristic vs tb_heuristic: tb_heuristic 1-1  (2 games, 1.0s, 0.51s/game)
[715/903] tb_heuristic vs tb_iono: tb_heuristic 0-6  (6 games, 3.1s, 0.52s/game)
[716/903] tb_heuristic vs tb_lucario: tb_heuristic 1-5  (6 games, 1.6s, 0.27s/game)
[717/903] tb_heuristic vs tb_rulecore: tb_heuristic 0-6  (6 games, 1.8s, 0.29s/game)
[718/903] tb_heuristic vs tb_search: tb_heuristic 3-3  (6 games, 1.7s, 0.28s/game)
[719/903] tb_heuristic vs tb_starmie: tb_heuristic 6-0  (6 games, 2.1s, 0.35s/game)
[720/903] tb_heuristic vs wmh_alakazam: tb_heuristic 0-6  (6 games, 2.5s, 0.42s/game)
[721/903] tb_heuristic vs wmh_bellibolt: tb_heuristic 0-6  (6 games, 2.2s, 0.37s/game)
[722/903] tb_heuristic vs wmh_chandelure: tb_heuristic 2-4  (6 games, 2.0s, 0.34s/game)
[723/903] tb_heuristic vs wmh_froslass: tb_heuristic 0-6  (6 games, 1.1s, 0.19s/game)
[724/903] tb_heuristic vs wmh_garchomp: tb_heuristic 0-6  (6 games, 1.6s, 0.27s/game)
[725/903] tb_heuristic vs wmh_grimmsnarl: tb_heuristic 2-4  (6 games, 2.2s, 0.37s/game)
[726/903] tb_heuristic vs wmh_kangaskhan: tb_heuristic 3-3  (6 games, 1.5s, 0.25s/game)
[727/903] tb_heuristic vs wmh_megastarmie: tb_heuristic 0-6  (6 games, 1.3s, 0.21s/game)
[728/903] tb_heuristic vs wmh_mewtwo: tb_heuristic 2-4  (6 games, 1.9s, 0.32s/game)
[729/903] tb_heuristic vs wmh_ogerpon: tb_heuristic 5-1  (6 games, 2.6s, 0.43s/game)
[730/903] tb_heuristic vs wmh_trevenant: tb_heuristic 2-4  (6 games, 1.7s, 0.29s/game)
[731/903] tb_heuristic vs wmh_typhlosion: tb_heuristic 1-5  (6 games, 1.7s, 0.28s/game)
[732/903] tb_heuristic vs random_legal: tb_heuristic 3-3  (6 games, 1.7s, 0.28s/game)
[733/903] tb_iono vs tb_iono: tb_iono 2-0  (2 games, 1.0s, 0.52s/game)
[734/903] tb_iono vs tb_lucario: tb_iono 4-2  (6 games, 3.0s, 0.50s/game)
[735/903] tb_iono vs tb_rulecore: tb_iono 2-4  (6 games, 2.3s, 0.38s/game)
[736/903] tb_iono vs tb_search: tb_iono 5-1  (6 games, 2.7s, 0.45s/game)
[737/903] tb_iono vs tb_starmie: tb_iono 6-0  (6 games, 1.2s, 0.20s/game)
[738/903] tb_iono vs wmh_alakazam: tb_iono 1-5  (6 games, 3.2s, 0.53s/game)
[739/903] tb_iono vs wmh_bellibolt: tb_iono 6-0  (6 games, 2.3s, 0.39s/game)
[740/903] tb_iono vs wmh_chandelure: tb_iono 6-0  (6 games, 2.0s, 0.34s/game)
[741/903] tb_iono vs wmh_froslass: tb_iono 6-0  (6 games, 1.9s, 0.32s/game)
[742/903] tb_iono vs wmh_garchomp: tb_iono 2-4  (6 games, 4.8s, 0.79s/game)
[743/903] tb_iono vs wmh_grimmsnarl: tb_iono 6-0  (6 games, 3.7s, 0.62s/game)
[744/903] tb_iono vs wmh_kangaskhan: tb_iono 6-0  (6 games, 3.1s, 0.51s/game)
[745/903] tb_iono vs wmh_megastarmie: tb_iono 6-0  (6 games, 1.6s, 0.27s/game)
[746/903] tb_iono vs wmh_mewtwo: tb_iono 6-0  (6 games, 2.7s, 0.46s/game)
[747/903] tb_iono vs wmh_ogerpon: tb_iono 6-0  (6 games, 3.2s, 0.53s/game)
[748/903] tb_iono vs wmh_trevenant: tb_iono 6-0  (6 games, 3.6s, 0.59s/game)
[749/903] tb_iono vs wmh_typhlosion: tb_iono 3-3  (6 games, 3.9s, 0.66s/game)
[750/903] tb_iono vs random_legal: tb_iono 6-0  (6 games, 1.5s, 0.24s/game)
[751/903] tb_lucario vs tb_lucario: tb_lucario 0-2  (2 games, 0.5s, 0.25s/game)
[752/903] tb_lucario vs tb_rulecore: tb_lucario 4-2  (6 games, 1.4s, 0.24s/game)
[753/903] tb_lucario vs tb_search: tb_lucario 3-3  (6 games, 1.6s, 0.27s/game)
[754/903] tb_lucario vs tb_starmie: tb_lucario 6-0  (6 games, 0.9s, 0.15s/game)
[755/903] tb_lucario vs wmh_alakazam: tb_lucario 1-5  (6 games, 1.8s, 0.31s/game)
[756/903] tb_lucario vs wmh_bellibolt: tb_lucario 6-0  (6 games, 2.0s, 0.34s/game)
[757/903] tb_lucario vs wmh_chandelure: tb_lucario 4-2  (6 games, 1.7s, 0.29s/game)
[758/903] tb_lucario vs wmh_froslass: tb_lucario 1-5  (6 games, 1.0s, 0.17s/game)
[759/903] tb_lucario vs wmh_garchomp: tb_lucario 1-5  (6 games, 1.8s, 0.30s/game)
[760/903] tb_lucario vs wmh_grimmsnarl: tb_lucario 5-1  (6 games, 2.1s, 0.34s/game)
[761/903] tb_lucario vs wmh_kangaskhan: tb_lucario 5-1  (6 games, 1.2s, 0.19s/game)
[762/903] tb_lucario vs wmh_megastarmie: tb_lucario 3-3  (6 games, 0.8s, 0.13s/game)
[763/903] tb_lucario vs wmh_mewtwo: tb_lucario 2-4  (6 games, 1.7s, 0.28s/game)
[764/903] tb_lucario vs wmh_ogerpon: tb_lucario 5-1  (6 games, 1.9s, 0.32s/game)
[765/903] tb_lucario vs wmh_trevenant: tb_lucario 1-5  (6 games, 1.4s, 0.24s/game)
[766/903] tb_lucario vs wmh_typhlosion: tb_lucario 1-5  (6 games, 1.6s, 0.27s/game)
[767/903] tb_lucario vs random_legal: tb_lucario 6-0  (6 games, 1.4s, 0.23s/game)
[768/903] tb_rulecore vs tb_rulecore: tb_rulecore 1-1  (2 games, 0.7s, 0.35s/game)
[769/903] tb_rulecore vs tb_search: tb_rulecore 5-1  (6 games, 2.8s, 0.46s/game)
[770/903] tb_rulecore vs tb_starmie: tb_rulecore 6-0  (6 games, 1.7s, 0.28s/game)
[771/903] tb_rulecore vs wmh_alakazam: tb_rulecore 0-6  (6 games, 2.1s, 0.35s/game)
[772/903] tb_rulecore vs wmh_bellibolt: tb_rulecore 6-0  (6 games, 1.4s, 0.24s/game)
[773/903] tb_rulecore vs wmh_chandelure: tb_rulecore 6-0  (6 games, 1.1s, 0.19s/game)
[774/903] tb_rulecore vs wmh_froslass: tb_rulecore 1-5  (6 games, 1.3s, 0.22s/game)
[775/903] tb_rulecore vs wmh_garchomp: tb_rulecore 0-6  (6 games, 1.9s, 0.32s/game)
[776/903] tb_rulecore vs wmh_grimmsnarl: tb_rulecore 5-1  (6 games, 1.6s, 0.26s/game)
[777/903] tb_rulecore vs wmh_kangaskhan: tb_rulecore 5-1  (6 games, 1.8s, 0.30s/game)
[778/903] tb_rulecore vs wmh_megastarmie: tb_rulecore 2-4  (6 games, 1.1s, 0.18s/game)
[779/903] tb_rulecore vs wmh_mewtwo: tb_rulecore 4-2  (6 games, 1.7s, 0.29s/game)
[780/903] tb_rulecore vs wmh_ogerpon: tb_rulecore 6-0  (6 games, 1.6s, 0.27s/game)
[781/903] tb_rulecore vs wmh_trevenant: tb_rulecore 0-6  (6 games, 1.9s, 0.32s/game)
[782/903] tb_rulecore vs wmh_typhlosion: tb_rulecore 2-4  (6 games, 2.0s, 0.33s/game)
[783/903] tb_rulecore vs random_legal: tb_rulecore 6-0  (6 games, 0.9s, 0.15s/game)
[784/903] tb_search vs tb_search: tb_search 0-2  (2 games, 0.6s, 0.32s/game)
[785/903] tb_search vs tb_starmie: tb_search 5-1  (6 games, 1.2s, 0.20s/game)
[786/903] tb_search vs wmh_alakazam: tb_search 1-5  (6 games, 1.3s, 0.21s/game)
[787/903] tb_search vs wmh_bellibolt: tb_search 5-1  (6 games, 2.3s, 0.39s/game)
[788/903] tb_search vs wmh_chandelure: tb_search 6-0  (6 games, 1.2s, 0.20s/game)
[789/903] tb_search vs wmh_froslass: tb_search 3-3  (6 games, 1.4s, 0.23s/game)
[790/903] tb_search vs wmh_garchomp: tb_search 1-5  (6 games, 1.5s, 0.25s/game)
[791/903] tb_search vs wmh_grimmsnarl: tb_search 3-3  (6 games, 2.1s, 0.35s/game)
[792/903] tb_search vs wmh_kangaskhan: tb_search 6-0  (6 games, 1.4s, 0.24s/game)
[793/903] tb_search vs wmh_megastarmie: tb_search 1-5  (6 games, 1.3s, 0.21s/game)
[794/903] tb_search vs wmh_mewtwo: tb_search 3-3  (6 games, 1.9s, 0.31s/game)
[795/903] tb_search vs wmh_ogerpon: tb_search 5-1  (6 games, 1.9s, 0.32s/game)
[796/903] tb_search vs wmh_trevenant: tb_search 0-6  (6 games, 2.3s, 0.38s/game)
[797/903] tb_search vs wmh_typhlosion: tb_search 3-3  (6 games, 2.4s, 0.39s/game)
[798/903] tb_search vs random_legal: tb_search 5-1  (6 games, 1.1s, 0.18s/game)
[799/903] tb_starmie vs tb_starmie: tb_starmie 1-1  (2 games, 0.8s, 0.41s/game)
[800/903] tb_starmie vs wmh_alakazam: tb_starmie 2-4  (6 games, 1.1s, 0.18s/game)
[801/903] tb_starmie vs wmh_bellibolt: tb_starmie 0-6  (6 games, 1.2s, 0.21s/game)
[802/903] tb_starmie vs wmh_chandelure: tb_starmie 0-6  (6 games, 2.5s, 0.41s/game)
[803/903] tb_starmie vs wmh_froslass: tb_starmie 0-6  (6 games, 0.9s, 0.15s/game)
[804/903] tb_starmie vs wmh_garchomp: tb_starmie 0-6  (6 games, 1.8s, 0.30s/game)
[805/903] tb_starmie vs wmh_grimmsnarl: tb_starmie 1-5  (6 games, 2.0s, 0.34s/game)
[806/903] tb_starmie vs wmh_kangaskhan: tb_starmie 4-2  (6 games, 1.9s, 0.31s/game)
[807/903] tb_starmie vs wmh_megastarmie: tb_starmie 0-6  (6 games, 0.7s, 0.11s/game)
[808/903] tb_starmie vs wmh_mewtwo: tb_starmie 3-3  (6 games, 1.4s, 0.24s/game)
[809/903] tb_starmie vs wmh_ogerpon: tb_starmie 2-4  (6 games, 2.1s, 0.35s/game)
[810/903] tb_starmie vs wmh_trevenant: tb_starmie 1-5  (6 games, 1.3s, 0.21s/game)
[811/903] tb_starmie vs wmh_typhlosion: tb_starmie 1-5  (6 games, 1.9s, 0.31s/game)
[812/903] tb_starmie vs random_legal: tb_starmie 5-1  (6 games, 2.2s, 0.36s/game)
[813/903] wmh_alakazam vs wmh_alakazam: wmh_alakazam 1-1  (2 games, 0.4s, 0.20s/game)
[814/903] wmh_alakazam vs wmh_bellibolt: wmh_alakazam 5-1  (6 games, 1.4s, 0.24s/game)
[815/903] wmh_alakazam vs wmh_chandelure: wmh_alakazam 6-0  (6 games, 1.2s, 0.19s/game)
[816/903] wmh_alakazam vs wmh_froslass: wmh_alakazam 3-3  (6 games, 0.9s, 0.14s/game)
[817/903] wmh_alakazam vs wmh_garchomp: wmh_alakazam 3-3  (6 games, 1.4s, 0.23s/game)
[818/903] wmh_alakazam vs wmh_grimmsnarl: wmh_alakazam 4-2  (6 games, 1.6s, 0.27s/game)
[819/903] wmh_alakazam vs wmh_kangaskhan: wmh_alakazam 6-0  (6 games, 1.2s, 0.20s/game)
[820/903] wmh_alakazam vs wmh_megastarmie: wmh_alakazam 2-4  (6 games, 0.9s, 0.15s/game)
[821/903] wmh_alakazam vs wmh_mewtwo: wmh_alakazam 5-1  (6 games, 2.1s, 0.35s/game)
[822/903] wmh_alakazam vs wmh_ogerpon: wmh_alakazam 4-2  (6 games, 1.3s, 0.21s/game)
[823/903] wmh_alakazam vs wmh_trevenant: wmh_alakazam 5-1  (6 games, 2.2s, 0.37s/game)
[824/903] wmh_alakazam vs wmh_typhlosion: wmh_alakazam 5-1  (6 games, 1.8s, 0.29s/game)
[825/903] wmh_alakazam vs random_legal: wmh_alakazam 6-0  (6 games, 0.8s, 0.13s/game)
[826/903] wmh_bellibolt vs wmh_bellibolt: wmh_bellibolt 1-1  (2 games, 0.2s, 0.11s/game)
[827/903] wmh_bellibolt vs wmh_chandelure: wmh_bellibolt 4-2  (6 games, 1.9s, 0.31s/game)
[828/903] wmh_bellibolt vs wmh_froslass: wmh_bellibolt 2-4  (6 games, 0.7s, 0.12s/game)
[829/903] wmh_bellibolt vs wmh_garchomp: wmh_bellibolt 0-6  (6 games, 1.6s, 0.27s/game)
[830/903] wmh_bellibolt vs wmh_grimmsnarl: wmh_bellibolt 0-6  (6 games, 1.9s, 0.32s/game)
[831/903] wmh_bellibolt vs wmh_kangaskhan: wmh_bellibolt 6-0  (6 games, 1.6s, 0.27s/game)
[832/903] wmh_bellibolt vs wmh_megastarmie: wmh_bellibolt 3-3  (6 games, 0.7s, 0.12s/game)
[833/903] wmh_bellibolt vs wmh_mewtwo: wmh_bellibolt 3-3  (6 games, 1.6s, 0.26s/game)
[834/903] wmh_bellibolt vs wmh_ogerpon: wmh_bellibolt 4-2  (6 games, 2.6s, 0.44s/game)
[835/903] wmh_bellibolt vs wmh_trevenant: wmh_bellibolt 0-6  (6 games, 1.5s, 0.24s/game)
[836/903] wmh_bellibolt vs wmh_typhlosion: wmh_bellibolt 2-4  (6 games, 1.4s, 0.23s/game)
[837/903] wmh_bellibolt vs random_legal: wmh_bellibolt 6-0  (6 games, 0.9s, 0.15s/game)
[838/903] wmh_chandelure vs wmh_chandelure: wmh_chandelure 1-1  (2 games, 0.6s, 0.32s/game)
[839/903] wmh_chandelure vs wmh_froslass: wmh_chandelure 0-6  (6 games, 0.7s, 0.12s/game)
[840/903] wmh_chandelure vs wmh_garchomp: wmh_chandelure 4-2  (6 games, 1.9s, 0.31s/game)
[841/903] wmh_chandelure vs wmh_grimmsnarl: wmh_chandelure 1-5  (6 games, 1.6s, 0.26s/game)
[842/903] wmh_chandelure vs wmh_kangaskhan: wmh_chandelure 2-4  (6 games, 1.5s, 0.25s/game)
[843/903] wmh_chandelure vs wmh_megastarmie: wmh_chandelure 0-6  (6 games, 1.4s, 0.24s/game)
[844/903] wmh_chandelure vs wmh_mewtwo: wmh_chandelure 5-1  (6 games, 1.6s, 0.27s/game)
[845/903] wmh_chandelure vs wmh_ogerpon: wmh_chandelure 4-2  (6 games, 3.0s, 0.51s/game)
[846/903] wmh_chandelure vs wmh_trevenant: wmh_chandelure 3-3  (6 games, 2.0s, 0.33s/game)
[847/903] wmh_chandelure vs wmh_typhlosion: wmh_chandelure 1-5  (6 games, 1.9s, 0.31s/game)
[848/903] wmh_chandelure vs random_legal: wmh_chandelure 6-0  (6 games, 2.6s, 0.43s/game)
[849/903] wmh_froslass vs wmh_froslass: wmh_froslass 0-2  (2 games, 0.1s, 0.06s/game)
[850/903] wmh_froslass vs wmh_garchomp: wmh_froslass 3-3  (6 games, 1.3s, 0.21s/game)
[851/903] wmh_froslass vs wmh_grimmsnarl: wmh_froslass 5-1  (6 games, 1.9s, 0.31s/game)
[852/903] wmh_froslass vs wmh_kangaskhan: wmh_froslass 5-1  (6 games, 1.6s, 0.27s/game)
[853/903] wmh_froslass vs wmh_megastarmie: wmh_froslass 3-3  (6 games, 0.5s, 0.09s/game)
[854/903] wmh_froslass vs wmh_mewtwo: wmh_froslass 6-0  (6 games, 1.4s, 0.23s/game)
[855/903] wmh_froslass vs wmh_ogerpon: wmh_froslass 6-0  (6 games, 1.9s, 0.32s/game)
[856/903] wmh_froslass vs wmh_trevenant: wmh_froslass 2-4  (6 games, 0.9s, 0.16s/game)
[857/903] wmh_froslass vs wmh_typhlosion: wmh_froslass 6-0  (6 games, 1.1s, 0.18s/game)
[858/903] wmh_froslass vs random_legal: wmh_froslass 6-0  (6 games, 0.5s, 0.09s/game)
[859/903] wmh_garchomp vs wmh_garchomp: wmh_garchomp 2-0  (2 games, 0.6s, 0.29s/game)
[860/903] wmh_garchomp vs wmh_grimmsnarl: wmh_garchomp 6-0  (6 games, 2.1s, 0.35s/game)
[861/903] wmh_garchomp vs wmh_kangaskhan: wmh_garchomp 6-0  (6 games, 1.4s, 0.24s/game)
[862/903] wmh_garchomp vs wmh_megastarmie: wmh_garchomp 4-2  (6 games, 1.2s, 0.20s/game)
[863/903] wmh_garchomp vs wmh_mewtwo: wmh_garchomp 5-1  (6 games, 2.4s, 0.40s/game)
[864/903] wmh_garchomp vs wmh_ogerpon: wmh_garchomp 6-0  (6 games, 2.5s, 0.42s/game)
[865/903] wmh_garchomp vs wmh_trevenant: wmh_garchomp 3-3  (6 games, 2.1s, 0.34s/game)
[866/903] wmh_garchomp vs wmh_typhlosion: wmh_garchomp 6-0  (6 games, 2.1s, 0.34s/game)
[867/903] wmh_garchomp vs random_legal: wmh_garchomp 6-0  (6 games, 1.0s, 0.16s/game)
[868/903] wmh_grimmsnarl vs wmh_grimmsnarl: wmh_grimmsnarl 2-0  (2 games, 0.5s, 0.25s/game)
[869/903] wmh_grimmsnarl vs wmh_kangaskhan: wmh_grimmsnarl 3-3  (6 games, 2.2s, 0.37s/game)
[870/903] wmh_grimmsnarl vs wmh_megastarmie: wmh_grimmsnarl 1-5  (6 games, 1.1s, 0.18s/game)
[871/903] wmh_grimmsnarl vs wmh_mewtwo: wmh_grimmsnarl 2-4  (6 games, 2.0s, 0.33s/game)
[872/903] wmh_grimmsnarl vs wmh_ogerpon: wmh_grimmsnarl 5-1  (6 games, 2.4s, 0.40s/game)
[873/903] wmh_grimmsnarl vs wmh_trevenant: wmh_grimmsnarl 2-4  (6 games, 1.2s, 0.20s/game)
[874/903] wmh_grimmsnarl vs wmh_typhlosion: wmh_grimmsnarl 3-3  (6 games, 2.5s, 0.42s/game)
[875/903] wmh_grimmsnarl vs random_legal: wmh_grimmsnarl 6-0  (6 games, 1.0s, 0.17s/game)
[876/903] wmh_kangaskhan vs wmh_kangaskhan: wmh_kangaskhan 1-1  (2 games, 1.0s, 0.49s/game)
[877/903] wmh_kangaskhan vs wmh_megastarmie: wmh_kangaskhan 1-5  (6 games, 1.3s, 0.22s/game)
[878/903] wmh_kangaskhan vs wmh_mewtwo: wmh_kangaskhan 1-5  (6 games, 1.9s, 0.32s/game)
[879/903] wmh_kangaskhan vs wmh_ogerpon: wmh_kangaskhan 2-4  (6 games, 2.9s, 0.48s/game)
[880/903] wmh_kangaskhan vs wmh_trevenant: wmh_kangaskhan 0-6  (6 games, 1.8s, 0.31s/game)
[881/903] wmh_kangaskhan vs wmh_typhlosion: wmh_kangaskhan 1-5  (6 games, 1.7s, 0.28s/game)
[882/903] wmh_kangaskhan vs random_legal: wmh_kangaskhan 2-4  (6 games, 1.6s, 0.26s/game)
[883/903] wmh_megastarmie vs wmh_megastarmie: wmh_megastarmie 0-2  (2 games, 0.3s, 0.14s/game)
[884/903] wmh_megastarmie vs wmh_mewtwo: wmh_megastarmie 6-0  (6 games, 0.9s, 0.14s/game)
[885/903] wmh_megastarmie vs wmh_ogerpon: wmh_megastarmie 6-0  (6 games, 1.4s, 0.23s/game)
[886/903] wmh_megastarmie vs wmh_trevenant: wmh_megastarmie 4-2  (6 games, 0.9s, 0.15s/game)
[887/903] wmh_megastarmie vs wmh_typhlosion: wmh_megastarmie 6-0  (6 games, 1.1s, 0.18s/game)
[888/903] wmh_megastarmie vs random_legal: wmh_megastarmie 6-0  (6 games, 0.4s, 0.06s/game)
[889/903] wmh_mewtwo vs wmh_mewtwo: wmh_mewtwo 1-1  (2 games, 0.8s, 0.42s/game)
[890/903] wmh_mewtwo vs wmh_ogerpon: wmh_mewtwo 5-1  (6 games, 1.7s, 0.29s/game)
[891/903] wmh_mewtwo vs wmh_trevenant: wmh_mewtwo 4-2  (6 games, 2.0s, 0.33s/game)
[892/903] wmh_mewtwo vs wmh_typhlosion: wmh_mewtwo 4-2  (6 games, 2.1s, 0.35s/game)
[893/903] wmh_mewtwo vs random_legal: wmh_mewtwo 4-2  (6 games, 1.3s, 0.22s/game)
[894/903] wmh_ogerpon vs wmh_ogerpon: wmh_ogerpon 1-1  (2 games, 0.9s, 0.43s/game)
[895/903] wmh_ogerpon vs wmh_trevenant: wmh_ogerpon 0-6  (6 games, 2.2s, 0.37s/game)
[896/903] wmh_ogerpon vs wmh_typhlosion: wmh_ogerpon 1-5  (6 games, 2.0s, 0.34s/game)
[897/903] wmh_ogerpon vs random_legal: wmh_ogerpon 3-3  (6 games, 2.1s, 0.35s/game)
[898/903] wmh_trevenant vs wmh_trevenant: wmh_trevenant 1-1  (2 games, 0.7s, 0.34s/game)
[899/903] wmh_trevenant vs wmh_typhlosion: wmh_trevenant 4-2  (6 games, 2.2s, 0.37s/game)
[900/903] wmh_trevenant vs random_legal: wmh_trevenant 5-1  (6 games, 0.9s, 0.16s/game)
[901/903] wmh_typhlosion vs wmh_typhlosion: wmh_typhlosion 0-2  (2 games, 0.6s, 0.31s/game)
[902/903] wmh_typhlosion vs random_legal: wmh_typhlosion 5-1  (6 games, 1.2s, 0.20s/game)
[903/903] random_legal vs random_legal: random_legal 2-0  (2 games, 0.6s, 0.28s/game)

=== Head-to-head win matrix (rows beat cols; cell = row's wins [95% CI]) ===
agent                 avikda  biohac  daniil  jek1wa  kiyota  kiyota  kiyota  kojima  makima  maktha  maktha  mechi2  pixiux  plamen  pllina  prvsiy  prvsiy  romanr  ryotas  tb_abo  tb_ala  tb_arc  tb_dra  tb_heu  tb_ion  tb_luc  tb_rul  tb_sea  tb_sta  wmh_al  wmh_be  wmh_ch  wmh_fr  wmh_ga  wmh_gr  wmh_ka  wmh_me  wmh_me  wmh_og  wmh_tr  wmh_ty  random  win% [95% CI]
avikdas567_heuristic  -       0       0       2       0       0       0       0       4       0       0       0       0       0       0       3       5       0       1       1       1       0       1       3       0       0       1       2       5       0       2       3       0       0       2       4       0       3       4       1       1       3        21.6  [16.9,27.1]
biohack44_day2        6       -       0       5       4       6       1       1       6       1       2       0       1       1       0       6       6       1       1       6       1       1       6       6       0       6       6       6       6       0       2       4       5       6       6       6       5       5       6       0       0       6        58.0  [51.8,64.0]
daniilkrasnovvv_conservative_prob6       6       -       3       2       2       6       3       6       3       3       1       4       3       1       3       6       3       3       3       2       2       5       4       6       6       6       5       6       2       6       5       4       4       6       5       2       5       6       2       6       6        68.0  [62.0,73.5]
jek1wantaufik_lucario 4       1       3       -       1       4       5       3       3       3       2       2       4       3       0       1       6       4       1       5       2       1       0       6       5       3       4       3       5       3       5       5       5       2       3       6       0       4       1       0       2       5        50.8  [44.6,56.9]
kiyotah_abomasnow     6       2       4       5       -       4       3       4       5       3       3       0       5       1       0       4       5       2       2       1       2       3       1       5       4       4       6       5       6       3       6       6       4       4       5       6       5       6       6       2       6       6        64.8  [58.7,70.5]
kiyotah_dragapult     6       0       4       2       2       -       3       3       6       4       2       5       3       0       3       3       5       2       2       2       4       2       0       6       5       5       5       4       6       3       6       5       3       4       6       6       1       6       6       6       6       6        64.0  [57.9,69.7]
kiyotah_iono          6       5       0       1       3       3       -       0       5       3       1       4       1       1       1       6       6       2       2       5       4       2       1       6       5       2       3       3       6       3       6       6       5       1       6       6       6       3       6       5       5       6        61.2  [55.0,67.0]
kojimar_lucario       6       5       3       3       2       3       6       -       6       3       6       0       4       3       1       2       6       3       2       3       2       3       4       5       5       5       6       5       6       3       6       6       5       5       6       6       4       4       6       2       6       5        69.6  [63.6,75.0]
makimakiai_rl         2       0       0       3       1       0       1       0       -       1       0       0       0       0       0       0       2       0       0       0       3       0       0       4       1       1       0       1       5       1       2       1       0       0       0       4       0       3       2       0       1       4        18.0  [13.7,23.2]
makthanithin_1084_baseline6       5       3       3       3       2       3       3       5       -       2       1       2       3       1       3       6       4       4       3       4       2       3       6       5       5       4       5       6       3       6       5       5       6       6       6       5       6       6       1       6       6        68.4  [62.4,73.8]
makthanithin_improved_prob6       4       3       4       3       4       5       0       6       4       -       3       3       3       1       4       6       2       3       1       5       1       4       6       3       5       5       6       5       5       6       4       5       3       5       6       3       5       6       4       6       6        68.4  [62.4,73.8]
mechi22_alakazam      6       6       5       4       6       1       2       6       6       5       3       -       2       3       3       6       4       5       6       6       6       3       2       5       4       5       5       6       5       3       5       4       6       0       3       5       2       6       6       5       5       6        73.6  [67.8,78.7]
pixiux_lucario_v63    6       5       2       2       1       3       5       2       6       4       3       4       -       1       1       1       6       3       3       3       3       4       1       6       3       4       5       4       5       3       6       5       3       4       6       6       5       6       6       2       5       6        64.4  [58.3,70.1]
plamen06_steel        6       5       3       3       5       6       5       3       6       3       3       3       5       -       0       2       5       4       2       6       3       4       5       6       5       5       4       6       6       3       5       6       6       6       6       5       4       6       4       6       6       6        76.0  [70.3,80.9]
pllinas_alakazam      6       6       5       6       6       3       5       5       6       5       5       3       5       6       -       2       5       5       5       6       5       5       3       6       4       5       6       6       6       4       6       5       4       4       6       6       3       5       6       5       6       6        83.6  [78.5,87.7]
prvsiyan_control_v11  3       0       3       5       2       3       0       4       6       3       2       0       5       4       4       -       5       4       3       6       6       3       4       6       0       4       6       4       5       3       2       4       3       6       4       6       3       6       6       5       0       5        62.0  [55.8,67.8]
prvsiyan_grimbelief_alakazam1       0       0       0       1       1       0       0       4       0       0       2       0       1       1       1       -       0       2       0       0       0       0       1       0       1       1       3       1       1       2       3       1       0       2       4       1       5       5       0       0       6        21.2  [16.6,26.7]
romanrozen_strong_start6       5       3       2       4       4       4       3       6       2       4       1       3       2       1       2       6       -       4       5       1       5       5       6       6       4       4       6       6       2       6       6       2       2       6       6       5       6       6       2       6       6        69.2  [63.2,74.6]
ryotasueyoshi_alakazam5       5       3       5       4       4       4       4       6       2       3       0       3       4       1       3       4       2       -       4       3       3       2       5       3       4       6       5       4       2       6       4       5       1       5       4       3       2       6       3       6       5        62.0  [55.8,67.8]
tb_abomasnow          5       0       3       1       5       4       1       3       6       3       5       0       3       0       0       0       6       1       2       -       2       3       3       5       1       6       4       5       6       3       5       3       5       3       6       6       4       6       5       2       3       6        56.8  [50.6,62.8]
tb_alakazam           5       5       4       4       4       2       2       4       3       2       1       0       3       3       1       0       6       5       3       4       -       3       4       6       2       3       3       6       5       1       4       2       5       2       5       5       4       1       6       2       5       6        57.2  [51.0,63.2]
tb_archaludon         6       5       4       5       3       4       4       3       6       4       5       3       2       2       1       3       6       1       3       3       3       -       3       5       2       4       4       6       6       2       6       3       6       3       6       6       5       5       6       5       6       6        69.2  [63.2,74.6]
tb_dragapult          5       0       1       6       5       6       5       2       6       3       2       4       5       1       3       2       6       1       4       3       2       3       -       6       6       3       6       3       6       3       6       5       5       3       5       6       2       6       6       6       6       6        68.8  [62.8,74.2]
tb_heuristic          3       0       2       0       1       0       0       1       2       0       0       1       0       0       0       0       5       0       1       1       0       1       0       -       0       1       0       3       6       0       0       2       0       0       2       3       0       2       5       2       1       3        20.0  [15.5,25.4]
tb_iono               6       6       0       1       2       1       1       1       5       1       3       2       3       1       2       6       6       0       3       5       4       4       0       6       -       4       2       5       6       1       6       6       6       2       6       6       6       6       6       6       3       6        61.6  [55.4,67.4]
tb_lucario            6       0       0       2       2       1       4       1       5       1       1       1       1       1       1       2       5       2       2       0       3       2       3       5       2       -       4       3       6       1       6       4       1       1       5       5       3       2       5       1       1       6        43.6  [37.6,49.8]
tb_rulecore           5       0       0       2       0       1       3       0       6       2       1       1       0       2       0       0       5       2       0       2       3       2       0       6       4       2       -       5       6       0       6       6       1       0       5       5       2       4       6       0       2       6        42.0  [36.0,48.2]
tb_search             4       0       1       3       1       2       3       1       5       1       0       0       2       0       0       2       3       0       1       1       0       0       3       3       1       3       1       -       5       1       5       6       3       1       3       6       1       3       5       0       3       5        36.0  [30.3,42.1]
tb_starmie            1       0       0       1       0       0       0       0       1       0       1       1       1       0       0       1       5       0       2       0       1       0       0       0       0       0       0       1       -       2       0       0       0       0       1       4       0       3       2       1       1       5        14.8  [10.9,19.7]
wmh_alakazam          6       6       4       3       3       3       3       3       5       3       1       3       3       3       2       3       5       4       4       3       5       4       3       6       5       5       6       5       4       -       5       6       3       3       4       6       2       5       4       5       5       6        67.6  [61.6,73.1]
wmh_bellibolt         4       4       0       1       0       0       0       0       4       0       0       1       0       1       0       4       4       0       0       1       2       0       0       6       0       0       0       1       6       1       -       4       2       0       0       6       3       3       4       0       2       6        28.8  [23.5,34.7]
wmh_chandelure        3       2       1       1       0       1       0       0       5       1       2       2       1       0       1       2       3       0       2       3       4       3       1       4       0       2       0       0       6       0       2       -       0       4       1       2       0       5       4       3       1       6        32.0  [26.5,38.0]
wmh_froslass          6       1       2       1       2       3       1       1       6       1       1       0       3       0       2       3       5       4       1       1       1       0       1       6       0       5       5       3       6       3       4       6       -       3       5       5       3       6       6       2       6       6        51.2  [45.0,57.3]
wmh_garchomp          6       0       2       4       2       2       5       1       6       0       3       6       2       0       2       0       6       4       5       3       4       3       3       6       4       5       6       5       6       3       6       2       3       -       6       6       4       5       6       3       6       6        63.6  [57.5,69.3]
wmh_grimmsnarl        4       0       0       3       1       0       0       0       6       0       1       3       0       0       0       2       4       0       1       0       1       0       1       4       0       1       1       3       5       2       6       5       1       0       -       3       1       2       5       2       3       6        31.6  [26.2,37.6]
wmh_kangaskhan        2       0       1       0       0       0       0       0       2       0       0       1       0       1       0       0       2       0       2       0       1       0       0       3       0       1       1       0       2       0       0       4       1       0       3       -       1       1       2       0       1       2        14.4  [10.6,19.3]
wmh_megastarmie       6       1       4       6       1       5       0       2       6       1       3       4       1       2       3       3       5       1       3       2       2       1       4       6       0       3       4       5       6       4       3       6       3       2       5       5       -       6       6       4       6       6        59.2  [53.0,65.1]
wmh_mewtwo            3       1       1       2       0       0       3       2       3       0       1       0       0       0       1       0       1       0       4       0       5       1       0       4       0       4       2       3       3       1       3       1       0       1       4       5       0       -       5       4       4       4        31.2  [25.8,37.2]
wmh_ogerpon           2       0       0       5       0       0       0       0       4       0       0       0       0       2       0       0       1       0       0       1       0       0       0       1       0       1       0       1       4       2       2       2       0       0       1       4       0       1       -       0       1       3        16.0  [12.0,21.1]
wmh_trevenant         5       6       4       6       4       0       1       4       6       5       2       1       4       0       1       1       6       4       3       4       4       1       0       4       0       5       6       6       5       1       6       3       4       3       4       6       2       2       6       -       4       5        58.4  [52.2,64.3]
wmh_typhlosion        5       6       0       4       0       0       1       0       5       0       0       1       1       0       0       6       6       0       0       3       1       0       0       5       3       5       4       3       5       1       4       5       0       0       3       5       0       2       5       2       -       5        39.2  [33.4,45.4]
random_legal          3       0       0       1       0       0       0       1       2       0       0       0       0       0       0       1       0       0       1       0       0       0       0       3       0       0       0       1       1       0       0       0       0       0       0       4       0       2       3       1       1       -        10.8  [ 7.5,15.3]

=== Per-pairing win rate with Wilson 95% CI (row vs col) ===
  avikdas567_heuristic vs biohack44_day2: 0/6 =   0.0% [ 0.0,39.0]  (0.8s, 0.13s/game)
  avikdas567_heuristic vs daniilkrasnovvv_conservative_prob: 0/6 =   0.0% [ 0.0,39.0]  (0.6s, 0.10s/game)
  avikdas567_heuristic vs jek1wantaufik_lucario: 2/6 =  33.3% [ 9.7,70.0]  (1.2s, 0.20s/game)
  avikdas567_heuristic vs kiyotah_abomasnow: 0/6 =   0.0% [ 0.0,39.0]  (0.9s, 0.15s/game)
  avikdas567_heuristic vs kiyotah_dragapult: 0/6 =   0.0% [ 0.0,39.0]  (1.2s, 0.20s/game)
  avikdas567_heuristic vs kiyotah_iono: 0/6 =   0.0% [ 0.0,39.0]  (1.5s, 0.25s/game)
  avikdas567_heuristic vs kojimar_lucario: 0/6 =   0.0% [ 0.0,39.0]  (0.9s, 0.15s/game)
  avikdas567_heuristic vs makimakiai_rl: 4/6 =  66.7% [30.0,90.3]  (1.2s, 0.19s/game)
  avikdas567_heuristic vs makthanithin_1084_baseline: 0/6 =   0.0% [ 0.0,39.0]  (0.6s, 0.11s/game)
  avikdas567_heuristic vs makthanithin_improved_prob: 0/6 =   0.0% [ 0.0,39.0]  (1.4s, 0.23s/game)
  avikdas567_heuristic vs mechi22_alakazam: 0/6 =   0.0% [ 0.0,39.0]  (1.1s, 0.19s/game)
  avikdas567_heuristic vs pixiux_lucario_v63: 0/6 =   0.0% [ 0.0,39.0]  (0.9s, 0.15s/game)
  avikdas567_heuristic vs plamen06_steel: 0/6 =   0.0% [ 0.0,39.0]  (1.0s, 0.16s/game)
  avikdas567_heuristic vs pllinas_alakazam: 0/6 =   0.0% [ 0.0,39.0]  (4.0s, 0.66s/game)
  avikdas567_heuristic vs prvsiyan_control_v11: 3/6 =  50.0% [18.8,81.2]  (1.3s, 0.21s/game)
  avikdas567_heuristic vs prvsiyan_grimbelief_alakazam: 5/6 =  83.3% [43.6,97.0]  (1.3s, 0.21s/game)
  avikdas567_heuristic vs romanrozen_strong_start: 0/6 =   0.0% [ 0.0,39.0]  (1.0s, 0.17s/game)
  avikdas567_heuristic vs ryotasueyoshi_alakazam: 1/6 =  16.7% [ 3.0,56.4]  (1.0s, 0.17s/game)
  avikdas567_heuristic vs tb_abomasnow: 1/6 =  16.7% [ 3.0,56.4]  (0.6s, 0.09s/game)
  avikdas567_heuristic vs tb_alakazam: 1/6 =  16.7% [ 3.0,56.4]  (1.1s, 0.19s/game)
  avikdas567_heuristic vs tb_archaludon: 0/6 =   0.0% [ 0.0,39.0]  (0.7s, 0.12s/game)
  avikdas567_heuristic vs tb_dragapult: 1/6 =  16.7% [ 3.0,56.4]  (1.1s, 0.19s/game)
  avikdas567_heuristic vs tb_heuristic: 3/6 =  50.0% [18.8,81.2]  (1.5s, 0.25s/game)
  avikdas567_heuristic vs tb_iono: 0/6 =   0.0% [ 0.0,39.0]  (2.1s, 0.35s/game)
  avikdas567_heuristic vs tb_lucario: 0/6 =   0.0% [ 0.0,39.0]  (0.8s, 0.14s/game)
  avikdas567_heuristic vs tb_rulecore: 1/6 =  16.7% [ 3.0,56.4]  (1.1s, 0.19s/game)
  avikdas567_heuristic vs tb_search: 2/6 =  33.3% [ 9.7,70.0]  (1.0s, 0.17s/game)
  avikdas567_heuristic vs tb_starmie: 5/6 =  83.3% [43.6,97.0]  (1.2s, 0.20s/game)
  avikdas567_heuristic vs wmh_alakazam: 0/6 =   0.0% [ 0.0,39.0]  (1.0s, 0.17s/game)
  avikdas567_heuristic vs wmh_bellibolt: 2/6 =  33.3% [ 9.7,70.0]  (1.8s, 0.31s/game)
  avikdas567_heuristic vs wmh_chandelure: 3/6 =  50.0% [18.8,81.2]  (1.6s, 0.27s/game)
  avikdas567_heuristic vs wmh_froslass: 0/6 =   0.0% [ 0.0,39.0]  (0.6s, 0.09s/game)
  avikdas567_heuristic vs wmh_garchomp: 0/6 =   0.0% [ 0.0,39.0]  (1.1s, 0.19s/game)
  avikdas567_heuristic vs wmh_grimmsnarl: 2/6 =  33.3% [ 9.7,70.0]  (0.9s, 0.16s/game)
  avikdas567_heuristic vs wmh_kangaskhan: 4/6 =  66.7% [30.0,90.3]  (0.9s, 0.15s/game)
  avikdas567_heuristic vs wmh_megastarmie: 0/6 =   0.0% [ 0.0,39.0]  (0.5s, 0.08s/game)
  avikdas567_heuristic vs wmh_mewtwo: 3/6 =  50.0% [18.8,81.2]  (1.2s, 0.20s/game)
  avikdas567_heuristic vs wmh_ogerpon: 4/6 =  66.7% [30.0,90.3]  (1.7s, 0.29s/game)
  avikdas567_heuristic vs wmh_trevenant: 1/6 =  16.7% [ 3.0,56.4]  (1.2s, 0.20s/game)
  avikdas567_heuristic vs wmh_typhlosion: 1/6 =  16.7% [ 3.0,56.4]  (1.1s, 0.18s/game)
  avikdas567_heuristic vs random_legal: 3/6 =  50.0% [18.8,81.2]  (0.7s, 0.11s/game)
  biohack44_day2 vs daniilkrasnovvv_conservative_prob: 0/6 =   0.0% [ 0.0,39.0]  (0.8s, 0.14s/game)
  biohack44_day2 vs jek1wantaufik_lucario: 5/6 =  83.3% [43.6,97.0]  (1.1s, 0.18s/game)
  biohack44_day2 vs kiyotah_abomasnow: 4/6 =  66.7% [30.0,90.3]  (0.7s, 0.12s/game)
  biohack44_day2 vs kiyotah_dragapult: 6/6 = 100.0% [61.0,100.0]  (1.6s, 0.27s/game)
  biohack44_day2 vs kiyotah_iono: 1/6 =  16.7% [ 3.0,56.4]  (1.7s, 0.28s/game)
  biohack44_day2 vs kojimar_lucario: 1/6 =  16.7% [ 3.0,56.4]  (0.7s, 0.12s/game)
  biohack44_day2 vs makimakiai_rl: 6/6 = 100.0% [61.0,100.0]  (1.2s, 0.20s/game)
  biohack44_day2 vs makthanithin_1084_baseline: 1/6 =  16.7% [ 3.0,56.4]  (0.7s, 0.12s/game)
  biohack44_day2 vs makthanithin_improved_prob: 2/6 =  33.3% [ 9.7,70.0]  (1.1s, 0.19s/game)
  biohack44_day2 vs mechi22_alakazam: 0/6 =   0.0% [ 0.0,39.0]  (0.8s, 0.14s/game)
  biohack44_day2 vs pixiux_lucario_v63: 1/6 =  16.7% [ 3.0,56.4]  (1.1s, 0.19s/game)
  biohack44_day2 vs plamen06_steel: 1/6 =  16.7% [ 3.0,56.4]  (0.8s, 0.13s/game)
  biohack44_day2 vs pllinas_alakazam: 0/6 =   0.0% [ 0.0,39.0]  (4.3s, 0.71s/game)
  biohack44_day2 vs prvsiyan_control_v11: 6/6 = 100.0% [61.0,100.0]  (1.3s, 0.21s/game)
  biohack44_day2 vs prvsiyan_grimbelief_alakazam: 6/6 = 100.0% [61.0,100.0]  (1.1s, 0.19s/game)
  biohack44_day2 vs romanrozen_strong_start: 1/6 =  16.7% [ 3.0,56.4]  (0.8s, 0.14s/game)
  biohack44_day2 vs ryotasueyoshi_alakazam: 1/6 =  16.7% [ 3.0,56.4]  (0.8s, 0.13s/game)
  biohack44_day2 vs tb_abomasnow: 6/6 = 100.0% [61.0,100.0]  (0.7s, 0.11s/game)
  biohack44_day2 vs tb_alakazam: 1/6 =  16.7% [ 3.0,56.4]  (0.8s, 0.13s/game)
  biohack44_day2 vs tb_archaludon: 1/6 =  16.7% [ 3.0,56.4]  (0.7s, 0.12s/game)
  biohack44_day2 vs tb_dragapult: 6/6 = 100.0% [61.0,100.0]  (1.4s, 0.24s/game)
  biohack44_day2 vs tb_heuristic: 6/6 = 100.0% [61.0,100.0]  (1.2s, 0.20s/game)
  biohack44_day2 vs tb_iono: 0/6 =   0.0% [ 0.0,39.0]  (1.2s, 0.21s/game)
  biohack44_day2 vs tb_lucario: 6/6 = 100.0% [61.0,100.0]  (1.1s, 0.18s/game)
  biohack44_day2 vs tb_rulecore: 6/6 = 100.0% [61.0,100.0]  (1.2s, 0.19s/game)
  biohack44_day2 vs tb_search: 6/6 = 100.0% [61.0,100.0]  (1.1s, 0.19s/game)
  biohack44_day2 vs tb_starmie: 6/6 = 100.0% [61.0,100.0]  (0.7s, 0.11s/game)
  biohack44_day2 vs wmh_alakazam: 0/6 =   0.0% [ 0.0,39.0]  (0.9s, 0.15s/game)
  biohack44_day2 vs wmh_bellibolt: 2/6 =  33.3% [ 9.7,70.0]  (1.8s, 0.30s/game)
  biohack44_day2 vs wmh_chandelure: 4/6 =  66.7% [30.0,90.3]  (1.4s, 0.23s/game)
  biohack44_day2 vs wmh_froslass: 5/6 =  83.3% [43.6,97.0]  (1.0s, 0.17s/game)
  biohack44_day2 vs wmh_garchomp: 6/6 = 100.0% [61.0,100.0]  (1.3s, 0.22s/game)
  biohack44_day2 vs wmh_grimmsnarl: 6/6 = 100.0% [61.0,100.0]  (1.4s, 0.23s/game)
  biohack44_day2 vs wmh_kangaskhan: 6/6 = 100.0% [61.0,100.0]  (1.3s, 0.21s/game)
  biohack44_day2 vs wmh_megastarmie: 5/6 =  83.3% [43.6,97.0]  (0.9s, 0.15s/game)
  biohack44_day2 vs wmh_mewtwo: 5/6 =  83.3% [43.6,97.0]  (1.2s, 0.20s/game)
  biohack44_day2 vs wmh_ogerpon: 6/6 = 100.0% [61.0,100.0]  (1.5s, 0.26s/game)
  biohack44_day2 vs wmh_trevenant: 0/6 =   0.0% [ 0.0,39.0]  (1.0s, 0.17s/game)
  biohack44_day2 vs wmh_typhlosion: 0/6 =   0.0% [ 0.0,39.0]  (0.7s, 0.11s/game)
  biohack44_day2 vs random_legal: 6/6 = 100.0% [61.0,100.0]  (0.5s, 0.08s/game)
  daniilkrasnovvv_conservative_prob vs jek1wantaufik_lucario: 3/6 =  50.0% [18.8,81.2]  (1.5s, 0.26s/game)
  daniilkrasnovvv_conservative_prob vs kiyotah_abomasnow: 2/6 =  33.3% [ 9.7,70.0]  (0.8s, 0.14s/game)
  daniilkrasnovvv_conservative_prob vs kiyotah_dragapult: 2/6 =  33.3% [ 9.7,70.0]  (1.4s, 0.24s/game)
  daniilkrasnovvv_conservative_prob vs kiyotah_iono: 6/6 = 100.0% [61.0,100.0]  (1.4s, 0.23s/game)
  daniilkrasnovvv_conservative_prob vs kojimar_lucario: 3/6 =  50.0% [18.8,81.2]  (1.3s, 0.21s/game)
  daniilkrasnovvv_conservative_prob vs makimakiai_rl: 6/6 = 100.0% [61.0,100.0]  (1.3s, 0.21s/game)
  daniilkrasnovvv_conservative_prob vs makthanithin_1084_baseline: 3/6 =  50.0% [18.8,81.2]  (1.5s, 0.25s/game)
  daniilkrasnovvv_conservative_prob vs makthanithin_improved_prob: 3/6 =  50.0% [18.8,81.2]  (1.5s, 0.25s/game)
  daniilkrasnovvv_conservative_prob vs mechi22_alakazam: 1/6 =  16.7% [ 3.0,56.4]  (1.2s, 0.20s/game)
  daniilkrasnovvv_conservative_prob vs pixiux_lucario_v63: 4/6 =  66.7% [30.0,90.3]  (1.1s, 0.18s/game)
  daniilkrasnovvv_conservative_prob vs plamen06_steel: 3/6 =  50.0% [18.8,81.2]  (1.2s, 0.20s/game)
  daniilkrasnovvv_conservative_prob vs pllinas_alakazam: 1/6 =  16.7% [ 3.0,56.4]  (6.9s, 1.16s/game)
  daniilkrasnovvv_conservative_prob vs prvsiyan_control_v11: 3/6 =  50.0% [18.8,81.2]  (1.7s, 0.28s/game)
  daniilkrasnovvv_conservative_prob vs prvsiyan_grimbelief_alakazam: 6/6 = 100.0% [61.0,100.0]  (1.8s, 0.30s/game)
  daniilkrasnovvv_conservative_prob vs romanrozen_strong_start: 3/6 =  50.0% [18.8,81.2]  (1.4s, 0.23s/game)
  daniilkrasnovvv_conservative_prob vs ryotasueyoshi_alakazam: 3/6 =  50.0% [18.8,81.2]  (1.3s, 0.22s/game)
  daniilkrasnovvv_conservative_prob vs tb_abomasnow: 3/6 =  50.0% [18.8,81.2]  (0.8s, 0.13s/game)
  daniilkrasnovvv_conservative_prob vs tb_alakazam: 2/6 =  33.3% [ 9.7,70.0]  (1.6s, 0.27s/game)
  daniilkrasnovvv_conservative_prob vs tb_archaludon: 2/6 =  33.3% [ 9.7,70.0]  (1.1s, 0.19s/game)
  daniilkrasnovvv_conservative_prob vs tb_dragapult: 5/6 =  83.3% [43.6,97.0]  (1.4s, 0.24s/game)
  daniilkrasnovvv_conservative_prob vs tb_heuristic: 4/6 =  66.7% [30.0,90.3]  (1.2s, 0.20s/game)
  daniilkrasnovvv_conservative_prob vs tb_iono: 6/6 = 100.0% [61.0,100.0]  (1.8s, 0.30s/game)
  daniilkrasnovvv_conservative_prob vs tb_lucario: 6/6 = 100.0% [61.0,100.0]  (1.6s, 0.27s/game)
  daniilkrasnovvv_conservative_prob vs tb_rulecore: 6/6 = 100.0% [61.0,100.0]  (1.4s, 0.24s/game)
  daniilkrasnovvv_conservative_prob vs tb_search: 5/6 =  83.3% [43.6,97.0]  (1.5s, 0.25s/game)
  daniilkrasnovvv_conservative_prob vs tb_starmie: 6/6 = 100.0% [61.0,100.0]  (0.5s, 0.08s/game)
  daniilkrasnovvv_conservative_prob vs wmh_alakazam: 2/6 =  33.3% [ 9.7,70.0]  (1.2s, 0.19s/game)
  daniilkrasnovvv_conservative_prob vs wmh_bellibolt: 6/6 = 100.0% [61.0,100.0]  (1.5s, 0.25s/game)
  daniilkrasnovvv_conservative_prob vs wmh_chandelure: 5/6 =  83.3% [43.6,97.0]  (0.8s, 0.13s/game)
  daniilkrasnovvv_conservative_prob vs wmh_froslass: 4/6 =  66.7% [30.0,90.3]  (1.1s, 0.18s/game)
  daniilkrasnovvv_conservative_prob vs wmh_garchomp: 4/6 =  66.7% [30.0,90.3]  (1.7s, 0.28s/game)
  daniilkrasnovvv_conservative_prob vs wmh_grimmsnarl: 6/6 = 100.0% [61.0,100.0]  (1.6s, 0.26s/game)
  daniilkrasnovvv_conservative_prob vs wmh_kangaskhan: 5/6 =  83.3% [43.6,97.0]  (1.3s, 0.21s/game)
  daniilkrasnovvv_conservative_prob vs wmh_megastarmie: 2/6 =  33.3% [ 9.7,70.0]  (1.2s, 0.20s/game)
  daniilkrasnovvv_conservative_prob vs wmh_mewtwo: 5/6 =  83.3% [43.6,97.0]  (1.8s, 0.29s/game)
  daniilkrasnovvv_conservative_prob vs wmh_ogerpon: 6/6 = 100.0% [61.0,100.0]  (1.8s, 0.30s/game)
  daniilkrasnovvv_conservative_prob vs wmh_trevenant: 2/6 =  33.3% [ 9.7,70.0]  (1.5s, 0.26s/game)
  daniilkrasnovvv_conservative_prob vs wmh_typhlosion: 6/6 = 100.0% [61.0,100.0]  (1.2s, 0.20s/game)
  daniilkrasnovvv_conservative_prob vs random_legal: 6/6 = 100.0% [61.0,100.0]  (0.7s, 0.12s/game)
  jek1wantaufik_lucario vs kiyotah_abomasnow: 1/6 =  16.7% [ 3.0,56.4]  (1.1s, 0.18s/game)
  jek1wantaufik_lucario vs kiyotah_dragapult: 4/6 =  66.7% [30.0,90.3]  (1.5s, 0.25s/game)
  jek1wantaufik_lucario vs kiyotah_iono: 5/6 =  83.3% [43.6,97.0]  (2.2s, 0.37s/game)
  jek1wantaufik_lucario vs kojimar_lucario: 3/6 =  50.0% [18.8,81.2]  (1.7s, 0.28s/game)
  jek1wantaufik_lucario vs makimakiai_rl: 3/6 =  50.0% [18.8,81.2]  (1.4s, 0.23s/game)
  jek1wantaufik_lucario vs makthanithin_1084_baseline: 3/6 =  50.0% [18.8,81.2]  (1.7s, 0.29s/game)
  jek1wantaufik_lucario vs makthanithin_improved_prob: 2/6 =  33.3% [ 9.7,70.0]  (1.7s, 0.28s/game)
  jek1wantaufik_lucario vs mechi22_alakazam: 2/6 =  33.3% [ 9.7,70.0]  (1.7s, 0.29s/game)
  jek1wantaufik_lucario vs pixiux_lucario_v63: 4/6 =  66.7% [30.0,90.3]  (1.8s, 0.29s/game)
  jek1wantaufik_lucario vs plamen06_steel: 3/6 =  50.0% [18.8,81.2]  (1.3s, 0.21s/game)
  jek1wantaufik_lucario vs pllinas_alakazam: 0/6 =   0.0% [ 0.0,39.0]  (9.5s, 1.58s/game)
  jek1wantaufik_lucario vs prvsiyan_control_v11: 1/6 =  16.7% [ 3.0,56.4]  (1.2s, 0.19s/game)
  jek1wantaufik_lucario vs prvsiyan_grimbelief_alakazam: 6/6 = 100.0% [61.0,100.0]  (1.4s, 0.24s/game)
  jek1wantaufik_lucario vs romanrozen_strong_start: 4/6 =  66.7% [30.0,90.3]  (1.9s, 0.32s/game)
  jek1wantaufik_lucario vs ryotasueyoshi_alakazam: 1/6 =  16.7% [ 3.0,56.4]  (1.7s, 0.28s/game)
  jek1wantaufik_lucario vs tb_abomasnow: 5/6 =  83.3% [43.6,97.0]  (0.7s, 0.12s/game)
  jek1wantaufik_lucario vs tb_alakazam: 2/6 =  33.3% [ 9.7,70.0]  (1.4s, 0.23s/game)
  jek1wantaufik_lucario vs tb_archaludon: 1/6 =  16.7% [ 3.0,56.4]  (1.4s, 0.24s/game)
  jek1wantaufik_lucario vs tb_dragapult: 0/6 =   0.0% [ 0.0,39.0]  (1.8s, 0.30s/game)
  jek1wantaufik_lucario vs tb_heuristic: 6/6 = 100.0% [61.0,100.0]  (1.4s, 0.24s/game)
  jek1wantaufik_lucario vs tb_iono: 5/6 =  83.3% [43.6,97.0]  (2.1s, 0.35s/game)
  jek1wantaufik_lucario vs tb_lucario: 3/6 =  50.0% [18.8,81.2]  (1.8s, 0.31s/game)
  jek1wantaufik_lucario vs tb_rulecore: 4/6 =  66.7% [30.0,90.3]  (1.3s, 0.22s/game)
  jek1wantaufik_lucario vs tb_search: 3/6 =  50.0% [18.8,81.2]  (1.5s, 0.26s/game)
  jek1wantaufik_lucario vs tb_starmie: 5/6 =  83.3% [43.6,97.0]  (0.8s, 0.14s/game)
  jek1wantaufik_lucario vs wmh_alakazam: 3/6 =  50.0% [18.8,81.2]  (1.2s, 0.20s/game)
  jek1wantaufik_lucario vs wmh_bellibolt: 5/6 =  83.3% [43.6,97.0]  (1.7s, 0.29s/game)
  jek1wantaufik_lucario vs wmh_chandelure: 5/6 =  83.3% [43.6,97.0]  (1.5s, 0.25s/game)
  jek1wantaufik_lucario vs wmh_froslass: 5/6 =  83.3% [43.6,97.0]  (1.3s, 0.21s/game)
  jek1wantaufik_lucario vs wmh_garchomp: 2/6 =  33.3% [ 9.7,70.0]  (1.4s, 0.24s/game)
  jek1wantaufik_lucario vs wmh_grimmsnarl: 3/6 =  50.0% [18.8,81.2]  (1.7s, 0.29s/game)
  jek1wantaufik_lucario vs wmh_kangaskhan: 6/6 = 100.0% [61.0,100.0]  (1.0s, 0.16s/game)
  jek1wantaufik_lucario vs wmh_megastarmie: 0/6 =   0.0% [ 0.0,39.0]  (1.3s, 0.21s/game)
  jek1wantaufik_lucario vs wmh_mewtwo: 4/6 =  66.7% [30.0,90.3]  (1.6s, 0.27s/game)
  jek1wantaufik_lucario vs wmh_ogerpon: 1/6 =  16.7% [ 3.0,56.4]  (2.1s, 0.34s/game)
  jek1wantaufik_lucario vs wmh_trevenant: 0/6 =   0.0% [ 0.0,39.0]  (1.4s, 0.23s/game)
  jek1wantaufik_lucario vs wmh_typhlosion: 2/6 =  33.3% [ 9.7,70.0]  (1.7s, 0.29s/game)
  jek1wantaufik_lucario vs random_legal: 5/6 =  83.3% [43.6,97.0]  (0.9s, 0.15s/game)
  kiyotah_abomasnow vs kiyotah_dragapult: 4/6 =  66.7% [30.0,90.3]  (1.3s, 0.22s/game)
  kiyotah_abomasnow vs kiyotah_iono: 3/6 =  50.0% [18.8,81.2]  (1.6s, 0.26s/game)
  kiyotah_abomasnow vs kojimar_lucario: 4/6 =  66.7% [30.0,90.3]  (1.0s, 0.17s/game)
  kiyotah_abomasnow vs makimakiai_rl: 5/6 =  83.3% [43.6,97.0]  (0.8s, 0.13s/game)
  kiyotah_abomasnow vs makthanithin_1084_baseline: 3/6 =  50.0% [18.8,81.2]  (0.7s, 0.12s/game)
  kiyotah_abomasnow vs makthanithin_improved_prob: 3/6 =  50.0% [18.8,81.2]  (0.8s, 0.14s/game)
  kiyotah_abomasnow vs mechi22_alakazam: 0/6 =   0.0% [ 0.0,39.0]  (1.0s, 0.16s/game)
  kiyotah_abomasnow vs pixiux_lucario_v63: 5/6 =  83.3% [43.6,97.0]  (1.0s, 0.16s/game)
  kiyotah_abomasnow vs plamen06_steel: 1/6 =  16.7% [ 3.0,56.4]  (0.8s, 0.13s/game)
  kiyotah_abomasnow vs pllinas_alakazam: 0/6 =   0.0% [ 0.0,39.0]  (6.3s, 1.04s/game)
  kiyotah_abomasnow vs prvsiyan_control_v11: 4/6 =  66.7% [30.0,90.3]  (1.1s, 0.19s/game)
  kiyotah_abomasnow vs prvsiyan_grimbelief_alakazam: 5/6 =  83.3% [43.6,97.0]  (1.2s, 0.20s/game)
  kiyotah_abomasnow vs romanrozen_strong_start: 2/6 =  33.3% [ 9.7,70.0]  (1.0s, 0.16s/game)
  kiyotah_abomasnow vs ryotasueyoshi_alakazam: 2/6 =  33.3% [ 9.7,70.0]  (0.9s, 0.15s/game)
  kiyotah_abomasnow vs tb_abomasnow: 1/6 =  16.7% [ 3.0,56.4]  (0.6s, 0.09s/game)
  kiyotah_abomasnow vs tb_alakazam: 2/6 =  33.3% [ 9.7,70.0]  (1.2s, 0.20s/game)
  kiyotah_abomasnow vs tb_archaludon: 3/6 =  50.0% [18.8,81.2]  (0.8s, 0.13s/game)
  kiyotah_abomasnow vs tb_dragapult: 1/6 =  16.7% [ 3.0,56.4]  (1.4s, 0.23s/game)
  kiyotah_abomasnow vs tb_heuristic: 5/6 =  83.3% [43.6,97.0]  (1.2s, 0.19s/game)
  kiyotah_abomasnow vs tb_iono: 4/6 =  66.7% [30.0,90.3]  (2.1s, 0.36s/game)
  kiyotah_abomasnow vs tb_lucario: 4/6 =  66.7% [30.0,90.3]  (1.0s, 0.16s/game)
  kiyotah_abomasnow vs tb_rulecore: 6/6 = 100.0% [61.0,100.0]  (0.9s, 0.15s/game)
  kiyotah_abomasnow vs tb_search: 5/6 =  83.3% [43.6,97.0]  (1.0s, 0.16s/game)
  kiyotah_abomasnow vs tb_starmie: 6/6 = 100.0% [61.0,100.0]  (0.9s, 0.15s/game)
  kiyotah_abomasnow vs wmh_alakazam: 3/6 =  50.0% [18.8,81.2]  (1.1s, 0.19s/game)
  kiyotah_abomasnow vs wmh_bellibolt: 6/6 = 100.0% [61.0,100.0]  (1.2s, 0.20s/game)
  kiyotah_abomasnow vs wmh_chandelure: 6/6 = 100.0% [61.0,100.0]  (1.1s, 0.19s/game)
  kiyotah_abomasnow vs wmh_froslass: 4/6 =  66.7% [30.0,90.3]  (0.8s, 0.13s/game)
  kiyotah_abomasnow vs wmh_garchomp: 4/6 =  66.7% [30.0,90.3]  (0.9s, 0.15s/game)
  kiyotah_abomasnow vs wmh_grimmsnarl: 5/6 =  83.3% [43.6,97.0]  (1.1s, 0.18s/game)
  kiyotah_abomasnow vs wmh_kangaskhan: 6/6 = 100.0% [61.0,100.0]  (1.0s, 0.16s/game)
  kiyotah_abomasnow vs wmh_megastarmie: 5/6 =  83.3% [43.6,97.0]  (0.7s, 0.11s/game)
  kiyotah_abomasnow vs wmh_mewtwo: 6/6 = 100.0% [61.0,100.0]  (1.1s, 0.19s/game)
  kiyotah_abomasnow vs wmh_ogerpon: 6/6 = 100.0% [61.0,100.0]  (1.2s, 0.19s/game)
  kiyotah_abomasnow vs wmh_trevenant: 2/6 =  33.3% [ 9.7,70.0]  (1.0s, 0.16s/game)
  kiyotah_abomasnow vs wmh_typhlosion: 6/6 = 100.0% [61.0,100.0]  (1.4s, 0.23s/game)
  kiyotah_abomasnow vs random_legal: 6/6 = 100.0% [61.0,100.0]  (0.6s, 0.10s/game)
  kiyotah_dragapult vs kiyotah_iono: 3/6 =  50.0% [18.8,81.2]  (3.2s, 0.53s/game)
  kiyotah_dragapult vs kojimar_lucario: 3/6 =  50.0% [18.8,81.2]  (1.9s, 0.32s/game)
  kiyotah_dragapult vs makimakiai_rl: 6/6 = 100.0% [61.0,100.0]  (1.4s, 0.24s/game)
  kiyotah_dragapult vs makthanithin_1084_baseline: 4/6 =  66.7% [30.0,90.3]  (2.1s, 0.34s/game)
  kiyotah_dragapult vs makthanithin_improved_prob: 2/6 =  33.3% [ 9.7,70.0]  (1.4s, 0.24s/game)
  kiyotah_dragapult vs mechi22_alakazam: 5/6 =  83.3% [43.6,97.0]  (1.8s, 0.30s/game)
  kiyotah_dragapult vs pixiux_lucario_v63: 3/6 =  50.0% [18.8,81.2]  (1.9s, 0.31s/game)
  kiyotah_dragapult vs plamen06_steel: 0/6 =   0.0% [ 0.0,39.0]  (1.7s, 0.29s/game)
  kiyotah_dragapult vs pllinas_alakazam: 3/6 =  50.0% [18.8,81.2]  (5.5s, 0.91s/game)
  kiyotah_dragapult vs prvsiyan_control_v11: 3/6 =  50.0% [18.8,81.2]  (2.5s, 0.41s/game)
  kiyotah_dragapult vs prvsiyan_grimbelief_alakazam: 5/6 =  83.3% [43.6,97.0]  (2.3s, 0.39s/game)
  kiyotah_dragapult vs romanrozen_strong_start: 2/6 =  33.3% [ 9.7,70.0]  (1.5s, 0.25s/game)
  kiyotah_dragapult vs ryotasueyoshi_alakazam: 2/6 =  33.3% [ 9.7,70.0]  (2.1s, 0.35s/game)
  kiyotah_dragapult vs tb_abomasnow: 2/6 =  33.3% [ 9.7,70.0]  (1.4s, 0.24s/game)
  kiyotah_dragapult vs tb_alakazam: 4/6 =  66.7% [30.0,90.3]  (2.1s, 0.36s/game)
  kiyotah_dragapult vs tb_archaludon: 2/6 =  33.3% [ 9.7,70.0]  (1.4s, 0.23s/game)
  kiyotah_dragapult vs tb_dragapult: 0/6 =   0.0% [ 0.0,39.0]  (1.5s, 0.25s/game)
  kiyotah_dragapult vs tb_heuristic: 6/6 = 100.0% [61.0,100.0]  (1.5s, 0.25s/game)
  kiyotah_dragapult vs tb_iono: 5/6 =  83.3% [43.6,97.0]  (2.2s, 0.37s/game)
  kiyotah_dragapult vs tb_lucario: 5/6 =  83.3% [43.6,97.0]  (1.6s, 0.26s/game)
  kiyotah_dragapult vs tb_rulecore: 5/6 =  83.3% [43.6,97.0]  (1.7s, 0.29s/game)
  kiyotah_dragapult vs tb_search: 4/6 =  66.7% [30.0,90.3]  (1.5s, 0.25s/game)
  kiyotah_dragapult vs tb_starmie: 6/6 = 100.0% [61.0,100.0]  (1.4s, 0.23s/game)
  kiyotah_dragapult vs wmh_alakazam: 3/6 =  50.0% [18.8,81.2]  (1.9s, 0.32s/game)
  kiyotah_dragapult vs wmh_bellibolt: 6/6 = 100.0% [61.0,100.0]  (1.8s, 0.30s/game)
  kiyotah_dragapult vs wmh_chandelure: 5/6 =  83.3% [43.6,97.0]  (1.5s, 0.25s/game)
  kiyotah_dragapult vs wmh_froslass: 3/6 =  50.0% [18.8,81.2]  (1.2s, 0.21s/game)
  kiyotah_dragapult vs wmh_garchomp: 4/6 =  66.7% [30.0,90.3]  (1.7s, 0.28s/game)
  kiyotah_dragapult vs wmh_grimmsnarl: 6/6 = 100.0% [61.0,100.0]  (2.0s, 0.33s/game)
  kiyotah_dragapult vs wmh_kangaskhan: 6/6 = 100.0% [61.0,100.0]  (1.3s, 0.21s/game)
  kiyotah_dragapult vs wmh_megastarmie: 1/6 =  16.7% [ 3.0,56.4]  (1.1s, 0.19s/game)
  kiyotah_dragapult vs wmh_mewtwo: 6/6 = 100.0% [61.0,100.0]  (2.2s, 0.37s/game)
  kiyotah_dragapult vs wmh_ogerpon: 6/6 = 100.0% [61.0,100.0]  (2.0s, 0.33s/game)
  kiyotah_dragapult vs wmh_trevenant: 6/6 = 100.0% [61.0,100.0]  (1.6s, 0.27s/game)
  kiyotah_dragapult vs wmh_typhlosion: 6/6 = 100.0% [61.0,100.0]  (1.8s, 0.30s/game)
  kiyotah_dragapult vs random_legal: 6/6 = 100.0% [61.0,100.0]  (1.4s, 0.23s/game)
  kiyotah_iono vs kojimar_lucario: 0/6 =   0.0% [ 0.0,39.0]  (1.8s, 0.30s/game)
  kiyotah_iono vs makimakiai_rl: 5/6 =  83.3% [43.6,97.0]  (2.0s, 0.33s/game)
  kiyotah_iono vs makthanithin_1084_baseline: 3/6 =  50.0% [18.8,81.2]  (3.0s, 0.49s/game)
  kiyotah_iono vs makthanithin_improved_prob: 1/6 =  16.7% [ 3.0,56.4]  (2.0s, 0.33s/game)
  kiyotah_iono vs mechi22_alakazam: 4/6 =  66.7% [30.0,90.3]  (2.9s, 0.48s/game)
  kiyotah_iono vs pixiux_lucario_v63: 1/6 =  16.7% [ 3.0,56.4]  (1.7s, 0.28s/game)
  kiyotah_iono vs plamen06_steel: 1/6 =  16.7% [ 3.0,56.4]  (2.9s, 0.48s/game)
  kiyotah_iono vs pllinas_alakazam: 1/6 =  16.7% [ 3.0,56.4]  (22.2s, 3.70s/game)
  kiyotah_iono vs prvsiyan_control_v11: 6/6 = 100.0% [61.0,100.0]  (1.8s, 0.30s/game)
  kiyotah_iono vs prvsiyan_grimbelief_alakazam: 6/6 = 100.0% [61.0,100.0]  (2.6s, 0.43s/game)
  kiyotah_iono vs romanrozen_strong_start: 2/6 =  33.3% [ 9.7,70.0]  (1.8s, 0.29s/game)
  kiyotah_iono vs ryotasueyoshi_alakazam: 2/6 =  33.3% [ 9.7,70.0]  (1.7s, 0.28s/game)
  kiyotah_iono vs tb_abomasnow: 5/6 =  83.3% [43.6,97.0]  (1.6s, 0.27s/game)
  kiyotah_iono vs tb_alakazam: 4/6 =  66.7% [30.0,90.3]  (3.0s, 0.50s/game)
  kiyotah_iono vs tb_archaludon: 2/6 =  33.3% [ 9.7,70.0]  (2.6s, 0.43s/game)
  kiyotah_iono vs tb_dragapult: 1/6 =  16.7% [ 3.0,56.4]  (2.8s, 0.47s/game)
  kiyotah_iono vs tb_heuristic: 6/6 = 100.0% [61.0,100.0]  (2.2s, 0.36s/game)
  kiyotah_iono vs tb_iono: 5/6 =  83.3% [43.6,97.0]  (4.5s, 0.75s/game)
  kiyotah_iono vs tb_lucario: 2/6 =  33.3% [ 9.7,70.0]  (2.5s, 0.42s/game)
  kiyotah_iono vs tb_rulecore: 3/6 =  50.0% [18.8,81.2]  (2.4s, 0.40s/game)
  kiyotah_iono vs tb_search: 3/6 =  50.0% [18.8,81.2]  (2.1s, 0.36s/game)
  kiyotah_iono vs tb_starmie: 6/6 = 100.0% [61.0,100.0]  (1.6s, 0.27s/game)
  kiyotah_iono vs wmh_alakazam: 3/6 =  50.0% [18.8,81.2]  (2.2s, 0.37s/game)
  kiyotah_iono vs wmh_bellibolt: 6/6 = 100.0% [61.0,100.0]  (2.3s, 0.39s/game)
  kiyotah_iono vs wmh_chandelure: 6/6 = 100.0% [61.0,100.0]  (2.3s, 0.38s/game)
  kiyotah_iono vs wmh_froslass: 5/6 =  83.3% [43.6,97.0]  (1.4s, 0.23s/game)
  kiyotah_iono vs wmh_garchomp: 1/6 =  16.7% [ 3.0,56.4]  (2.5s, 0.42s/game)
  kiyotah_iono vs wmh_grimmsnarl: 6/6 = 100.0% [61.0,100.0]  (2.5s, 0.42s/game)
  kiyotah_iono vs wmh_kangaskhan: 6/6 = 100.0% [61.0,100.0]  (2.3s, 0.39s/game)
  kiyotah_iono vs wmh_megastarmie: 6/6 = 100.0% [61.0,100.0]  (1.6s, 0.27s/game)
  kiyotah_iono vs wmh_mewtwo: 3/6 =  50.0% [18.8,81.2]  (2.3s, 0.39s/game)
  kiyotah_iono vs wmh_ogerpon: 6/6 = 100.0% [61.0,100.0]  (2.7s, 0.45s/game)
  kiyotah_iono vs wmh_trevenant: 5/6 =  83.3% [43.6,97.0]  (2.7s, 0.45s/game)
  kiyotah_iono vs wmh_typhlosion: 5/6 =  83.3% [43.6,97.0]  (2.4s, 0.40s/game)
  kiyotah_iono vs random_legal: 6/6 = 100.0% [61.0,100.0]  (1.3s, 0.21s/game)
  kojimar_lucario vs makimakiai_rl: 6/6 = 100.0% [61.0,100.0]  (0.9s, 0.15s/game)
  kojimar_lucario vs makthanithin_1084_baseline: 3/6 =  50.0% [18.8,81.2]  (1.4s, 0.23s/game)
  kojimar_lucario vs makthanithin_improved_prob: 6/6 = 100.0% [61.0,100.0]  (1.8s, 0.30s/game)
  kojimar_lucario vs mechi22_alakazam: 0/6 =   0.0% [ 0.0,39.0]  (1.6s, 0.27s/game)
  kojimar_lucario vs pixiux_lucario_v63: 4/6 =  66.7% [30.0,90.3]  (1.8s, 0.30s/game)
  kojimar_lucario vs plamen06_steel: 3/6 =  50.0% [18.8,81.2]  (1.4s, 0.24s/game)
  kojimar_lucario vs pllinas_alakazam: 1/6 =  16.7% [ 3.0,56.4]  (8.2s, 1.36s/game)
  kojimar_lucario vs prvsiyan_control_v11: 2/6 =  33.3% [ 9.7,70.0]  (1.4s, 0.23s/game)
  kojimar_lucario vs prvsiyan_grimbelief_alakazam: 6/6 = 100.0% [61.0,100.0]  (1.5s, 0.24s/game)
  kojimar_lucario vs romanrozen_strong_start: 3/6 =  50.0% [18.8,81.2]  (2.0s, 0.33s/game)
  kojimar_lucario vs ryotasueyoshi_alakazam: 2/6 =  33.3% [ 9.7,70.0]  (1.6s, 0.27s/game)
  kojimar_lucario vs tb_abomasnow: 3/6 =  50.0% [18.8,81.2]  (0.7s, 0.11s/game)
  kojimar_lucario vs tb_alakazam: 2/6 =  33.3% [ 9.7,70.0]  (1.4s, 0.23s/game)
  kojimar_lucario vs tb_archaludon: 3/6 =  50.0% [18.8,81.2]  (1.0s, 0.16s/game)
  kojimar_lucario vs tb_dragapult: 4/6 =  66.7% [30.0,90.3]  (1.3s, 0.22s/game)
  kojimar_lucario vs tb_heuristic: 5/6 =  83.3% [43.6,97.0]  (1.4s, 0.23s/game)
  kojimar_lucario vs tb_iono: 5/6 =  83.3% [43.6,97.0]  (1.4s, 0.24s/game)
  kojimar_lucario vs tb_lucario: 5/6 =  83.3% [43.6,97.0]  (1.4s, 0.24s/game)
  kojimar_lucario vs tb_rulecore: 6/6 = 100.0% [61.0,100.0]  (1.3s, 0.22s/game)
  kojimar_lucario vs tb_search: 5/6 =  83.3% [43.6,97.0]  (1.2s, 0.21s/game)
  kojimar_lucario vs tb_starmie: 6/6 = 100.0% [61.0,100.0]  (0.8s, 0.13s/game)
  kojimar_lucario vs wmh_alakazam: 3/6 =  50.0% [18.8,81.2]  (1.7s, 0.28s/game)
  kojimar_lucario vs wmh_bellibolt: 6/6 = 100.0% [61.0,100.0]  (1.5s, 0.26s/game)
  kojimar_lucario vs wmh_chandelure: 6/6 = 100.0% [61.0,100.0]  (0.7s, 0.12s/game)
  kojimar_lucario vs wmh_froslass: 5/6 =  83.3% [43.6,97.0]  (0.8s, 0.14s/game)
  kojimar_lucario vs wmh_garchomp: 5/6 =  83.3% [43.6,97.0]  (1.4s, 0.23s/game)
  kojimar_lucario vs wmh_grimmsnarl: 6/6 = 100.0% [61.0,100.0]  (1.6s, 0.27s/game)
  kojimar_lucario vs wmh_kangaskhan: 6/6 = 100.0% [61.0,100.0]  (1.2s, 0.21s/game)
  kojimar_lucario vs wmh_megastarmie: 4/6 =  66.7% [30.0,90.3]  (0.9s, 0.15s/game)
  kojimar_lucario vs wmh_mewtwo: 4/6 =  66.7% [30.0,90.3]  (1.7s, 0.28s/game)
  kojimar_lucario vs wmh_ogerpon: 6/6 = 100.0% [61.0,100.0]  (1.6s, 0.27s/game)
  kojimar_lucario vs wmh_trevenant: 2/6 =  33.3% [ 9.7,70.0]  (1.3s, 0.22s/game)
  kojimar_lucario vs wmh_typhlosion: 6/6 = 100.0% [61.0,100.0]  (1.5s, 0.26s/game)
  kojimar_lucario vs random_legal: 5/6 =  83.3% [43.6,97.0]  (0.4s, 0.06s/game)
  makimakiai_rl vs makthanithin_1084_baseline: 1/6 =  16.7% [ 3.0,56.4]  (1.1s, 0.18s/game)
  makimakiai_rl vs makthanithin_improved_prob: 0/6 =   0.0% [ 0.0,39.0]  (1.0s, 0.16s/game)
  makimakiai_rl vs mechi22_alakazam: 0/6 =   0.0% [ 0.0,39.0]  (1.3s, 0.22s/game)
  makimakiai_rl vs pixiux_lucario_v63: 0/6 =   0.0% [ 0.0,39.0]  (1.0s, 0.16s/game)
  makimakiai_rl vs plamen06_steel: 0/6 =   0.0% [ 0.0,39.0]  (1.3s, 0.22s/game)
  makimakiai_rl vs pllinas_alakazam: 0/6 =   0.0% [ 0.0,39.0]  (6.1s, 1.01s/game)
  makimakiai_rl vs prvsiyan_control_v11: 0/6 =   0.0% [ 0.0,39.0]  (1.3s, 0.21s/game)
  makimakiai_rl vs prvsiyan_grimbelief_alakazam: 2/6 =  33.3% [ 9.7,70.0]  (2.5s, 0.41s/game)
  makimakiai_rl vs romanrozen_strong_start: 0/6 =   0.0% [ 0.0,39.0]  (1.4s, 0.24s/game)
  makimakiai_rl vs ryotasueyoshi_alakazam: 0/6 =   0.0% [ 0.0,39.0]  (1.0s, 0.16s/game)
  makimakiai_rl vs tb_abomasnow: 0/6 =   0.0% [ 0.0,39.0]  (1.0s, 0.16s/game)
  makimakiai_rl vs tb_alakazam: 3/6 =  50.0% [18.8,81.2]  (1.1s, 0.18s/game)
  makimakiai_rl vs tb_archaludon: 0/6 =   0.0% [ 0.0,39.0]  (1.2s, 0.20s/game)
  makimakiai_rl vs tb_dragapult: 0/6 =   0.0% [ 0.0,39.0]  (1.6s, 0.27s/game)
  makimakiai_rl vs tb_heuristic: 4/6 =  66.7% [30.0,90.3]  (1.8s, 0.30s/game)
  makimakiai_rl vs tb_iono: 1/6 =  16.7% [ 3.0,56.4]  (2.0s, 0.33s/game)
  makimakiai_rl vs tb_lucario: 1/6 =  16.7% [ 3.0,56.4]  (1.1s, 0.18s/game)
  makimakiai_rl vs tb_rulecore: 0/6 =   0.0% [ 0.0,39.0]  (1.1s, 0.18s/game)
  makimakiai_rl vs tb_search: 1/6 =  16.7% [ 3.0,56.4]  (1.0s, 0.17s/game)
  makimakiai_rl vs tb_starmie: 5/6 =  83.3% [43.6,97.0]  (1.0s, 0.17s/game)
  makimakiai_rl vs wmh_alakazam: 1/6 =  16.7% [ 3.0,56.4]  (0.9s, 0.15s/game)
  makimakiai_rl vs wmh_bellibolt: 2/6 =  33.3% [ 9.7,70.0]  (1.4s, 0.23s/game)
  makimakiai_rl vs wmh_chandelure: 1/6 =  16.7% [ 3.0,56.4]  (1.4s, 0.23s/game)
  makimakiai_rl vs wmh_froslass: 0/6 =   0.0% [ 0.0,39.0]  (1.0s, 0.16s/game)
  makimakiai_rl vs wmh_garchomp: 0/6 =   0.0% [ 0.0,39.0]  (1.3s, 0.22s/game)
  makimakiai_rl vs wmh_grimmsnarl: 0/6 =   0.0% [ 0.0,39.0]  (0.8s, 0.13s/game)
  makimakiai_rl vs wmh_kangaskhan: 4/6 =  66.7% [30.0,90.3]  (1.3s, 0.21s/game)
  makimakiai_rl vs wmh_megastarmie: 0/6 =   0.0% [ 0.0,39.0]  (1.0s, 0.16s/game)
  makimakiai_rl vs wmh_mewtwo: 3/6 =  50.0% [18.8,81.2]  (1.7s, 0.29s/game)
  makimakiai_rl vs wmh_ogerpon: 2/6 =  33.3% [ 9.7,70.0]  (2.0s, 0.33s/game)
  makimakiai_rl vs wmh_trevenant: 0/6 =   0.0% [ 0.0,39.0]  (1.5s, 0.25s/game)
  makimakiai_rl vs wmh_typhlosion: 1/6 =  16.7% [ 3.0,56.4]  (1.4s, 0.23s/game)
  makimakiai_rl vs random_legal: 4/6 =  66.7% [30.0,90.3]  (1.2s, 0.21s/game)
  makthanithin_1084_baseline vs makthanithin_improved_prob: 2/6 =  33.3% [ 9.7,70.0]  (1.5s, 0.25s/game)
  makthanithin_1084_baseline vs mechi22_alakazam: 1/6 =  16.7% [ 3.0,56.4]  (1.6s, 0.27s/game)
  makthanithin_1084_baseline vs pixiux_lucario_v63: 2/6 =  33.3% [ 9.7,70.0]  (1.3s, 0.22s/game)
  makthanithin_1084_baseline vs plamen06_steel: 3/6 =  50.0% [18.8,81.2]  (1.4s, 0.24s/game)
  makthanithin_1084_baseline vs pllinas_alakazam: 1/6 =  16.7% [ 3.0,56.4]  (7.5s, 1.26s/game)
  makthanithin_1084_baseline vs prvsiyan_control_v11: 3/6 =  50.0% [18.8,81.2]  (1.6s, 0.27s/game)
  makthanithin_1084_baseline vs prvsiyan_grimbelief_alakazam: 6/6 = 100.0% [61.0,100.0]  (1.3s, 0.22s/game)
  makthanithin_1084_baseline vs romanrozen_strong_start: 4/6 =  66.7% [30.0,90.3]  (1.3s, 0.22s/game)
  makthanithin_1084_baseline vs ryotasueyoshi_alakazam: 4/6 =  66.7% [30.0,90.3]  (1.6s, 0.27s/game)
  makthanithin_1084_baseline vs tb_abomasnow: 3/6 =  50.0% [18.8,81.2]  (0.7s, 0.12s/game)
  makthanithin_1084_baseline vs tb_alakazam: 4/6 =  66.7% [30.0,90.3]  (1.7s, 0.29s/game)
  makthanithin_1084_baseline vs tb_archaludon: 2/6 =  33.3% [ 9.7,70.0]  (1.3s, 0.22s/game)
  makthanithin_1084_baseline vs tb_dragapult: 3/6 =  50.0% [18.8,81.2]  (1.7s, 0.28s/game)
  makthanithin_1084_baseline vs tb_heuristic: 6/6 = 100.0% [61.0,100.0]  (0.9s, 0.14s/game)
  makthanithin_1084_baseline vs tb_iono: 5/6 =  83.3% [43.6,97.0]  (1.3s, 0.22s/game)
  makthanithin_1084_baseline vs tb_lucario: 5/6 =  83.3% [43.6,97.0]  (1.2s, 0.20s/game)
  makthanithin_1084_baseline vs tb_rulecore: 4/6 =  66.7% [30.0,90.3]  (1.6s, 0.27s/game)
  makthanithin_1084_baseline vs tb_search: 5/6 =  83.3% [43.6,97.0]  (1.5s, 0.25s/game)
  makthanithin_1084_baseline vs tb_starmie: 6/6 = 100.0% [61.0,100.0]  (0.8s, 0.13s/game)
  makthanithin_1084_baseline vs wmh_alakazam: 3/6 =  50.0% [18.8,81.2]  (1.4s, 0.24s/game)
  makthanithin_1084_baseline vs wmh_bellibolt: 6/6 = 100.0% [61.0,100.0]  (1.1s, 0.19s/game)
  makthanithin_1084_baseline vs wmh_chandelure: 5/6 =  83.3% [43.6,97.0]  (1.0s, 0.17s/game)
  makthanithin_1084_baseline vs wmh_froslass: 5/6 =  83.3% [43.6,97.0]  (1.2s, 0.20s/game)
  makthanithin_1084_baseline vs wmh_garchomp: 6/6 = 100.0% [61.0,100.0]  (1.5s, 0.24s/game)
  makthanithin_1084_baseline vs wmh_grimmsnarl: 6/6 = 100.0% [61.0,100.0]  (1.6s, 0.27s/game)
  makthanithin_1084_baseline vs wmh_kangaskhan: 6/6 = 100.0% [61.0,100.0]  (1.5s, 0.25s/game)
  makthanithin_1084_baseline vs wmh_megastarmie: 5/6 =  83.3% [43.6,97.0]  (0.8s, 0.14s/game)
  makthanithin_1084_baseline vs wmh_mewtwo: 6/6 = 100.0% [61.0,100.0]  (1.7s, 0.28s/game)
  makthanithin_1084_baseline vs wmh_ogerpon: 6/6 = 100.0% [61.0,100.0]  (1.8s, 0.29s/game)
  makthanithin_1084_baseline vs wmh_trevenant: 1/6 =  16.7% [ 3.0,56.4]  (1.5s, 0.26s/game)
  makthanithin_1084_baseline vs wmh_typhlosion: 6/6 = 100.0% [61.0,100.0]  (1.4s, 0.24s/game)
  makthanithin_1084_baseline vs random_legal: 6/6 = 100.0% [61.0,100.0]  (0.8s, 0.13s/game)
  makthanithin_improved_prob vs mechi22_alakazam: 3/6 =  50.0% [18.8,81.2]  (1.5s, 0.24s/game)
  makthanithin_improved_prob vs pixiux_lucario_v63: 3/6 =  50.0% [18.8,81.2]  (1.5s, 0.24s/game)
  makthanithin_improved_prob vs plamen06_steel: 3/6 =  50.0% [18.8,81.2]  (1.2s, 0.21s/game)
  makthanithin_improved_prob vs pllinas_alakazam: 1/6 =  16.7% [ 3.0,56.4]  (12.0s, 2.00s/game)
  makthanithin_improved_prob vs prvsiyan_control_v11: 4/6 =  66.7% [30.0,90.3]  (1.5s, 0.24s/game)
  makthanithin_improved_prob vs prvsiyan_grimbelief_alakazam: 6/6 = 100.0% [61.0,100.0]  (1.6s, 0.26s/game)
  makthanithin_improved_prob vs romanrozen_strong_start: 2/6 =  33.3% [ 9.7,70.0]  (2.3s, 0.39s/game)
  makthanithin_improved_prob vs ryotasueyoshi_alakazam: 3/6 =  50.0% [18.8,81.2]  (1.4s, 0.24s/game)
  makthanithin_improved_prob vs tb_abomasnow: 1/6 =  16.7% [ 3.0,56.4]  (0.9s, 0.15s/game)
  makthanithin_improved_prob vs tb_alakazam: 5/6 =  83.3% [43.6,97.0]  (1.5s, 0.25s/game)
  makthanithin_improved_prob vs tb_archaludon: 1/6 =  16.7% [ 3.0,56.4]  (1.3s, 0.22s/game)
  makthanithin_improved_prob vs tb_dragapult: 4/6 =  66.7% [30.0,90.3]  (1.6s, 0.26s/game)
  makthanithin_improved_prob vs tb_heuristic: 6/6 = 100.0% [61.0,100.0]  (1.4s, 0.23s/game)
  makthanithin_improved_prob vs tb_iono: 3/6 =  50.0% [18.8,81.2]  (2.0s, 0.34s/game)
  makthanithin_improved_prob vs tb_lucario: 5/6 =  83.3% [43.6,97.0]  (1.5s, 0.25s/game)
  makthanithin_improved_prob vs tb_rulecore: 5/6 =  83.3% [43.6,97.0]  (1.2s, 0.21s/game)
  makthanithin_improved_prob vs tb_search: 6/6 = 100.0% [61.0,100.0]  (1.5s, 0.25s/game)
  makthanithin_improved_prob vs tb_starmie: 5/6 =  83.3% [43.6,97.0]  (1.0s, 0.16s/game)
  makthanithin_improved_prob vs wmh_alakazam: 5/6 =  83.3% [43.6,97.0]  (0.9s, 0.16s/game)
  makthanithin_improved_prob vs wmh_bellibolt: 6/6 = 100.0% [61.0,100.0]  (1.8s, 0.30s/game)
  makthanithin_improved_prob vs wmh_chandelure: 4/6 =  66.7% [30.0,90.3]  (1.0s, 0.17s/game)
  makthanithin_improved_prob vs wmh_froslass: 5/6 =  83.3% [43.6,97.0]  (1.1s, 0.18s/game)
  makthanithin_improved_prob vs wmh_garchomp: 3/6 =  50.0% [18.8,81.2]  (1.9s, 0.31s/game)
  makthanithin_improved_prob vs wmh_grimmsnarl: 5/6 =  83.3% [43.6,97.0]  (1.6s, 0.27s/game)
  makthanithin_improved_prob vs wmh_kangaskhan: 6/6 = 100.0% [61.0,100.0]  (0.9s, 0.15s/game)
  makthanithin_improved_prob vs wmh_megastarmie: 3/6 =  50.0% [18.8,81.2]  (1.0s, 0.16s/game)
  makthanithin_improved_prob vs wmh_mewtwo: 5/6 =  83.3% [43.6,97.0]  (1.6s, 0.27s/game)
  makthanithin_improved_prob vs wmh_ogerpon: 6/6 = 100.0% [61.0,100.0]  (1.7s, 0.29s/game)
  makthanithin_improved_prob vs wmh_trevenant: 4/6 =  66.7% [30.0,90.3]  (1.4s, 0.23s/game)
  makthanithin_improved_prob vs wmh_typhlosion: 6/6 = 100.0% [61.0,100.0]  (1.7s, 0.28s/game)
  makthanithin_improved_prob vs random_legal: 6/6 = 100.0% [61.0,100.0]  (0.5s, 0.09s/game)
  mechi22_alakazam vs pixiux_lucario_v63: 2/6 =  33.3% [ 9.7,70.0]  (1.7s, 0.28s/game)
  mechi22_alakazam vs plamen06_steel: 3/6 =  50.0% [18.8,81.2]  (1.8s, 0.31s/game)
  mechi22_alakazam vs pllinas_alakazam: 3/6 =  50.0% [18.8,81.2]  (7.6s, 1.27s/game)
  mechi22_alakazam vs prvsiyan_control_v11: 6/6 = 100.0% [61.0,100.0]  (1.0s, 0.17s/game)
  mechi22_alakazam vs prvsiyan_grimbelief_alakazam: 4/6 =  66.7% [30.0,90.3]  (2.9s, 0.49s/game)
  mechi22_alakazam vs romanrozen_strong_start: 5/6 =  83.3% [43.6,97.0]  (1.6s, 0.27s/game)
  mechi22_alakazam vs ryotasueyoshi_alakazam: 6/6 = 100.0% [61.0,100.0]  (1.6s, 0.27s/game)
  mechi22_alakazam vs tb_abomasnow: 6/6 = 100.0% [61.0,100.0]  (0.9s, 0.15s/game)
  mechi22_alakazam vs tb_alakazam: 6/6 = 100.0% [61.0,100.0]  (1.6s, 0.27s/game)
  mechi22_alakazam vs tb_archaludon: 3/6 =  50.0% [18.8,81.2]  (1.1s, 0.18s/game)
  mechi22_alakazam vs tb_dragapult: 2/6 =  33.3% [ 9.7,70.0]  (1.6s, 0.27s/game)
  mechi22_alakazam vs tb_heuristic: 5/6 =  83.3% [43.6,97.0]  (1.7s, 0.28s/game)
  mechi22_alakazam vs tb_iono: 4/6 =  66.7% [30.0,90.3]  (3.0s, 0.49s/game)
  mechi22_alakazam vs tb_lucario: 5/6 =  83.3% [43.6,97.0]  (1.1s, 0.18s/game)
  mechi22_alakazam vs tb_rulecore: 5/6 =  83.3% [43.6,97.0]  (1.4s, 0.24s/game)
  mechi22_alakazam vs tb_search: 6/6 = 100.0% [61.0,100.0]  (1.5s, 0.25s/game)
  mechi22_alakazam vs tb_starmie: 5/6 =  83.3% [43.6,97.0]  (0.9s, 0.16s/game)
  mechi22_alakazam vs wmh_alakazam: 3/6 =  50.0% [18.8,81.2]  (1.7s, 0.28s/game)
  mechi22_alakazam vs wmh_bellibolt: 5/6 =  83.3% [43.6,97.0]  (1.6s, 0.27s/game)
  mechi22_alakazam vs wmh_chandelure: 4/6 =  66.7% [30.0,90.3]  (1.4s, 0.23s/game)
  mechi22_alakazam vs wmh_froslass: 6/6 = 100.0% [61.0,100.0]  (0.8s, 0.13s/game)
  mechi22_alakazam vs wmh_garchomp: 0/6 =   0.0% [ 0.0,39.0]  (1.7s, 0.29s/game)
  mechi22_alakazam vs wmh_grimmsnarl: 3/6 =  50.0% [18.8,81.2]  (1.7s, 0.29s/game)
  mechi22_alakazam vs wmh_kangaskhan: 5/6 =  83.3% [43.6,97.0]  (1.4s, 0.23s/game)
  mechi22_alakazam vs wmh_megastarmie: 2/6 =  33.3% [ 9.7,70.0]  (0.9s, 0.16s/game)
  mechi22_alakazam vs wmh_mewtwo: 6/6 = 100.0% [61.0,100.0]  (2.2s, 0.37s/game)
  mechi22_alakazam vs wmh_ogerpon: 6/6 = 100.0% [61.0,100.0]  (1.8s, 0.30s/game)
  mechi22_alakazam vs wmh_trevenant: 5/6 =  83.3% [43.6,97.0]  (2.0s, 0.33s/game)
  mechi22_alakazam vs wmh_typhlosion: 5/6 =  83.3% [43.6,97.0]  (1.4s, 0.24s/game)
  mechi22_alakazam vs random_legal: 6/6 = 100.0% [61.0,100.0]  (1.1s, 0.19s/game)
  pixiux_lucario_v63 vs plamen06_steel: 1/6 =  16.7% [ 3.0,56.4]  (1.6s, 0.27s/game)
  pixiux_lucario_v63 vs pllinas_alakazam: 1/6 =  16.7% [ 3.0,56.4]  (8.8s, 1.47s/game)
  pixiux_lucario_v63 vs prvsiyan_control_v11: 1/6 =  16.7% [ 3.0,56.4]  (1.4s, 0.23s/game)
  pixiux_lucario_v63 vs prvsiyan_grimbelief_alakazam: 6/6 = 100.0% [61.0,100.0]  (0.9s, 0.15s/game)
  pixiux_lucario_v63 vs romanrozen_strong_start: 3/6 =  50.0% [18.8,81.2]  (1.7s, 0.28s/game)
  pixiux_lucario_v63 vs ryotasueyoshi_alakazam: 3/6 =  50.0% [18.8,81.2]  (1.2s, 0.19s/game)
  pixiux_lucario_v63 vs tb_abomasnow: 3/6 =  50.0% [18.8,81.2]  (0.7s, 0.11s/game)
  pixiux_lucario_v63 vs tb_alakazam: 3/6 =  50.0% [18.8,81.2]  (1.7s, 0.29s/game)
  pixiux_lucario_v63 vs tb_archaludon: 4/6 =  66.7% [30.0,90.3]  (1.2s, 0.21s/game)
  pixiux_lucario_v63 vs tb_dragapult: 1/6 =  16.7% [ 3.0,56.4]  (2.1s, 0.35s/game)
  pixiux_lucario_v63 vs tb_heuristic: 6/6 = 100.0% [61.0,100.0]  (1.4s, 0.23s/game)
  pixiux_lucario_v63 vs tb_iono: 3/6 =  50.0% [18.8,81.2]  (2.3s, 0.38s/game)
  pixiux_lucario_v63 vs tb_lucario: 4/6 =  66.7% [30.0,90.3]  (1.5s, 0.25s/game)
  pixiux_lucario_v63 vs tb_rulecore: 5/6 =  83.3% [43.6,97.0]  (1.4s, 0.23s/game)
  pixiux_lucario_v63 vs tb_search: 4/6 =  66.7% [30.0,90.3]  (1.2s, 0.20s/game)
  pixiux_lucario_v63 vs tb_starmie: 5/6 =  83.3% [43.6,97.0]  (1.0s, 0.17s/game)
  pixiux_lucario_v63 vs wmh_alakazam: 3/6 =  50.0% [18.8,81.2]  (1.4s, 0.24s/game)
  pixiux_lucario_v63 vs wmh_bellibolt: 6/6 = 100.0% [61.0,100.0]  (1.5s, 0.24s/game)
  pixiux_lucario_v63 vs wmh_chandelure: 5/6 =  83.3% [43.6,97.0]  (1.0s, 0.17s/game)
  pixiux_lucario_v63 vs wmh_froslass: 3/6 =  50.0% [18.8,81.2]  (0.9s, 0.15s/game)
  pixiux_lucario_v63 vs wmh_garchomp: 4/6 =  66.7% [30.0,90.3]  (2.1s, 0.35s/game)
  pixiux_lucario_v63 vs wmh_grimmsnarl: 6/6 = 100.0% [61.0,100.0]  (1.2s, 0.19s/game)
  pixiux_lucario_v63 vs wmh_kangaskhan: 6/6 = 100.0% [61.0,100.0]  (1.1s, 0.18s/game)
  pixiux_lucario_v63 vs wmh_megastarmie: 5/6 =  83.3% [43.6,97.0]  (0.9s, 0.15s/game)
  pixiux_lucario_v63 vs wmh_mewtwo: 6/6 = 100.0% [61.0,100.0]  (1.6s, 0.27s/game)
  pixiux_lucario_v63 vs wmh_ogerpon: 6/6 = 100.0% [61.0,100.0]  (1.5s, 0.26s/game)
  pixiux_lucario_v63 vs wmh_trevenant: 2/6 =  33.3% [ 9.7,70.0]  (1.4s, 0.24s/game)
  pixiux_lucario_v63 vs wmh_typhlosion: 5/6 =  83.3% [43.6,97.0]  (1.4s, 0.23s/game)
  pixiux_lucario_v63 vs random_legal: 6/6 = 100.0% [61.0,100.0]  (0.5s, 0.08s/game)
  plamen06_steel vs pllinas_alakazam: 0/6 =   0.0% [ 0.0,39.0]  (7.8s, 1.29s/game)
  plamen06_steel vs prvsiyan_control_v11: 2/6 =  33.3% [ 9.7,70.0]  (1.1s, 0.19s/game)
  plamen06_steel vs prvsiyan_grimbelief_alakazam: 5/6 =  83.3% [43.6,97.0]  (1.2s, 0.20s/game)
  plamen06_steel vs romanrozen_strong_start: 4/6 =  66.7% [30.0,90.3]  (1.4s, 0.24s/game)
  plamen06_steel vs ryotasueyoshi_alakazam: 2/6 =  33.3% [ 9.7,70.0]  (1.1s, 0.18s/game)
  plamen06_steel vs tb_abomasnow: 6/6 = 100.0% [61.0,100.0]  (0.5s, 0.08s/game)
  plamen06_steel vs tb_alakazam: 3/6 =  50.0% [18.8,81.2]  (1.2s, 0.20s/game)
  plamen06_steel vs tb_archaludon: 4/6 =  66.7% [30.0,90.3]  (1.2s, 0.20s/game)
  plamen06_steel vs tb_dragapult: 5/6 =  83.3% [43.6,97.0]  (1.4s, 0.23s/game)
  plamen06_steel vs tb_heuristic: 6/6 = 100.0% [61.0,100.0]  (1.4s, 0.24s/game)
  plamen06_steel vs tb_iono: 5/6 =  83.3% [43.6,97.0]  (2.5s, 0.42s/game)
  plamen06_steel vs tb_lucario: 5/6 =  83.3% [43.6,97.0]  (1.1s, 0.18s/game)
  plamen06_steel vs tb_rulecore: 4/6 =  66.7% [30.0,90.3]  (1.4s, 0.23s/game)
  plamen06_steel vs tb_search: 6/6 = 100.0% [61.0,100.0]  (1.2s, 0.20s/game)
  plamen06_steel vs tb_starmie: 6/6 = 100.0% [61.0,100.0]  (0.7s, 0.12s/game)
  plamen06_steel vs wmh_alakazam: 3/6 =  50.0% [18.8,81.2]  (1.2s, 0.19s/game)
  plamen06_steel vs wmh_bellibolt: 5/6 =  83.3% [43.6,97.0]  (1.7s, 0.29s/game)
  plamen06_steel vs wmh_chandelure: 6/6 = 100.0% [61.0,100.0]  (1.2s, 0.19s/game)
  plamen06_steel vs wmh_froslass: 6/6 = 100.0% [61.0,100.0]  (0.8s, 0.14s/game)
  plamen06_steel vs wmh_garchomp: 6/6 = 100.0% [61.0,100.0]  (1.6s, 0.26s/game)
  plamen06_steel vs wmh_grimmsnarl: 6/6 = 100.0% [61.0,100.0]  (2.0s, 0.33s/game)
  plamen06_steel vs wmh_kangaskhan: 5/6 =  83.3% [43.6,97.0]  (1.2s, 0.20s/game)
  plamen06_steel vs wmh_megastarmie: 4/6 =  66.7% [30.0,90.3]  (1.1s, 0.18s/game)
  plamen06_steel vs wmh_mewtwo: 6/6 = 100.0% [61.0,100.0]  (1.5s, 0.24s/game)
  plamen06_steel vs wmh_ogerpon: 4/6 =  66.7% [30.0,90.3]  (2.1s, 0.36s/game)
  plamen06_steel vs wmh_trevenant: 6/6 = 100.0% [61.0,100.0]  (1.5s, 0.25s/game)
  plamen06_steel vs wmh_typhlosion: 6/6 = 100.0% [61.0,100.0]  (1.6s, 0.26s/game)
  plamen06_steel vs random_legal: 6/6 = 100.0% [61.0,100.0]  (0.5s, 0.08s/game)
  pllinas_alakazam vs prvsiyan_control_v11: 2/6 =  33.3% [ 9.7,70.0]  (8.9s, 1.48s/game)
  pllinas_alakazam vs prvsiyan_grimbelief_alakazam: 5/6 =  83.3% [43.6,97.0]  (7.4s, 1.23s/game)
  pllinas_alakazam vs romanrozen_strong_start: 5/6 =  83.3% [43.6,97.0]  (5.8s, 0.96s/game)
  pllinas_alakazam vs ryotasueyoshi_alakazam: 5/6 =  83.3% [43.6,97.0]  (10.8s, 1.80s/game)
  pllinas_alakazam vs tb_abomasnow: 6/6 = 100.0% [61.0,100.0]  (6.0s, 1.00s/game)
  pllinas_alakazam vs tb_alakazam: 5/6 =  83.3% [43.6,97.0]  (6.1s, 1.02s/game)
  pllinas_alakazam vs tb_archaludon: 5/6 =  83.3% [43.6,97.0]  (7.7s, 1.28s/game)
  pllinas_alakazam vs tb_dragapult: 3/6 =  50.0% [18.8,81.2]  (6.8s, 1.13s/game)
  pllinas_alakazam vs tb_heuristic: 6/6 = 100.0% [61.0,100.0]  (4.9s, 0.82s/game)
  pllinas_alakazam vs tb_iono: 4/6 =  66.7% [30.0,90.3]  (38.1s, 6.35s/game)
  pllinas_alakazam vs tb_lucario: 5/6 =  83.3% [43.6,97.0]  (5.9s, 0.99s/game)
  pllinas_alakazam vs tb_rulecore: 6/6 = 100.0% [61.0,100.0]  (5.9s, 0.98s/game)
  pllinas_alakazam vs tb_search: 6/6 = 100.0% [61.0,100.0]  (9.4s, 1.57s/game)
  pllinas_alakazam vs tb_starmie: 6/6 = 100.0% [61.0,100.0]  (3.1s, 0.52s/game)
  pllinas_alakazam vs wmh_alakazam: 4/6 =  66.7% [30.0,90.3]  (7.6s, 1.26s/game)
  pllinas_alakazam vs wmh_bellibolt: 6/6 = 100.0% [61.0,100.0]  (12.3s, 2.05s/game)
  pllinas_alakazam vs wmh_chandelure: 5/6 =  83.3% [43.6,97.0]  (6.9s, 1.14s/game)
  pllinas_alakazam vs wmh_froslass: 4/6 =  66.7% [30.0,90.3]  (5.6s, 0.93s/game)
  pllinas_alakazam vs wmh_garchomp: 4/6 =  66.7% [30.0,90.3]  (9.7s, 1.62s/game)
  pllinas_alakazam vs wmh_grimmsnarl: 6/6 = 100.0% [61.0,100.0]  (12.9s, 2.15s/game)
  pllinas_alakazam vs wmh_kangaskhan: 6/6 = 100.0% [61.0,100.0]  (6.2s, 1.04s/game)
  pllinas_alakazam vs wmh_megastarmie: 3/6 =  50.0% [18.8,81.2]  (4.4s, 0.73s/game)
  pllinas_alakazam vs wmh_mewtwo: 5/6 =  83.3% [43.6,97.0]  (9.7s, 1.62s/game)
  pllinas_alakazam vs wmh_ogerpon: 6/6 = 100.0% [61.0,100.0]  (9.0s, 1.49s/game)
  pllinas_alakazam vs wmh_trevenant: 5/6 =  83.3% [43.6,97.0]  (7.2s, 1.20s/game)
  pllinas_alakazam vs wmh_typhlosion: 6/6 = 100.0% [61.0,100.0]  (8.7s, 1.45s/game)
  pllinas_alakazam vs random_legal: 6/6 = 100.0% [61.0,100.0]  (2.7s, 0.44s/game)
  prvsiyan_control_v11 vs prvsiyan_grimbelief_alakazam: 5/6 =  83.3% [43.6,97.0]  (4.9s, 0.82s/game)
  prvsiyan_control_v11 vs romanrozen_strong_start: 4/6 =  66.7% [30.0,90.3]  (1.4s, 0.23s/game)
  prvsiyan_control_v11 vs ryotasueyoshi_alakazam: 3/6 =  50.0% [18.8,81.2]  (1.3s, 0.21s/game)
  prvsiyan_control_v11 vs tb_abomasnow: 6/6 = 100.0% [61.0,100.0]  (1.1s, 0.19s/game)
  prvsiyan_control_v11 vs tb_alakazam: 6/6 = 100.0% [61.0,100.0]  (1.5s, 0.24s/game)
  prvsiyan_control_v11 vs tb_archaludon: 3/6 =  50.0% [18.8,81.2]  (1.5s, 0.25s/game)
  prvsiyan_control_v11 vs tb_dragapult: 4/6 =  66.7% [30.0,90.3]  (2.8s, 0.47s/game)
  prvsiyan_control_v11 vs tb_heuristic: 6/6 = 100.0% [61.0,100.0]  (1.5s, 0.25s/game)
  prvsiyan_control_v11 vs tb_iono: 0/6 =   0.0% [ 0.0,39.0]  (2.0s, 0.34s/game)
  prvsiyan_control_v11 vs tb_lucario: 4/6 =  66.7% [30.0,90.3]  (1.4s, 0.23s/game)
  prvsiyan_control_v11 vs tb_rulecore: 6/6 = 100.0% [61.0,100.0]  (1.6s, 0.27s/game)
  prvsiyan_control_v11 vs tb_search: 4/6 =  66.7% [30.0,90.3]  (1.0s, 0.17s/game)
  prvsiyan_control_v11 vs tb_starmie: 5/6 =  83.3% [43.6,97.0]  (1.8s, 0.29s/game)
  prvsiyan_control_v11 vs wmh_alakazam: 3/6 =  50.0% [18.8,81.2]  (1.4s, 0.24s/game)
  prvsiyan_control_v11 vs wmh_bellibolt: 2/6 =  33.3% [ 9.7,70.0]  (2.1s, 0.35s/game)
  prvsiyan_control_v11 vs wmh_chandelure: 4/6 =  66.7% [30.0,90.3]  (1.5s, 0.25s/game)
  prvsiyan_control_v11 vs wmh_froslass: 3/6 =  50.0% [18.8,81.2]  (2.0s, 0.33s/game)
  prvsiyan_control_v11 vs wmh_garchomp: 6/6 = 100.0% [61.0,100.0]  (1.6s, 0.27s/game)
  prvsiyan_control_v11 vs wmh_grimmsnarl: 4/6 =  66.7% [30.0,90.3]  (1.9s, 0.32s/game)
  prvsiyan_control_v11 vs wmh_kangaskhan: 6/6 = 100.0% [61.0,100.0]  (2.0s, 0.33s/game)
  prvsiyan_control_v11 vs wmh_megastarmie: 3/6 =  50.0% [18.8,81.2]  (1.6s, 0.26s/game)
  prvsiyan_control_v11 vs wmh_mewtwo: 6/6 = 100.0% [61.0,100.0]  (1.4s, 0.23s/game)
  prvsiyan_control_v11 vs wmh_ogerpon: 6/6 = 100.0% [61.0,100.0]  (1.6s, 0.27s/game)
  prvsiyan_control_v11 vs wmh_trevenant: 5/6 =  83.3% [43.6,97.0]  (1.5s, 0.25s/game)
  prvsiyan_control_v11 vs wmh_typhlosion: 0/6 =   0.0% [ 0.0,39.0]  (1.1s, 0.18s/game)
  prvsiyan_control_v11 vs random_legal: 5/6 =  83.3% [43.6,97.0]  (1.2s, 0.20s/game)
  prvsiyan_grimbelief_alakazam vs romanrozen_strong_start: 0/6 =   0.0% [ 0.0,39.0]  (2.3s, 0.39s/game)
  prvsiyan_grimbelief_alakazam vs ryotasueyoshi_alakazam: 2/6 =  33.3% [ 9.7,70.0]  (3.1s, 0.52s/game)
  prvsiyan_grimbelief_alakazam vs tb_abomasnow: 0/6 =   0.0% [ 0.0,39.0]  (1.6s, 0.27s/game)
  prvsiyan_grimbelief_alakazam vs tb_alakazam: 0/6 =   0.0% [ 0.0,39.0]  (2.6s, 0.43s/game)
  prvsiyan_grimbelief_alakazam vs tb_archaludon: 0/6 =   0.0% [ 0.0,39.0]  (1.2s, 0.20s/game)
  prvsiyan_grimbelief_alakazam vs tb_dragapult: 0/6 =   0.0% [ 0.0,39.0]  (2.7s, 0.45s/game)
  prvsiyan_grimbelief_alakazam vs tb_heuristic: 1/6 =  16.7% [ 3.0,56.4]  (1.5s, 0.25s/game)
  prvsiyan_grimbelief_alakazam vs tb_iono: 0/6 =   0.0% [ 0.0,39.0]  (3.1s, 0.52s/game)
  prvsiyan_grimbelief_alakazam vs tb_lucario: 1/6 =  16.7% [ 3.0,56.4]  (1.6s, 0.26s/game)
  prvsiyan_grimbelief_alakazam vs tb_rulecore: 1/6 =  16.7% [ 3.0,56.4]  (1.8s, 0.30s/game)
  prvsiyan_grimbelief_alakazam vs tb_search: 3/6 =  50.0% [18.8,81.2]  (2.5s, 0.42s/game)
  prvsiyan_grimbelief_alakazam vs tb_starmie: 1/6 =  16.7% [ 3.0,56.4]  (4.1s, 0.68s/game)
  prvsiyan_grimbelief_alakazam vs wmh_alakazam: 1/6 =  16.7% [ 3.0,56.4]  (2.8s, 0.46s/game)
  prvsiyan_grimbelief_alakazam vs wmh_bellibolt: 2/6 =  33.3% [ 9.7,70.0]  (3.2s, 0.54s/game)
  prvsiyan_grimbelief_alakazam vs wmh_chandelure: 3/6 =  50.0% [18.8,81.2]  (3.6s, 0.61s/game)
  prvsiyan_grimbelief_alakazam vs wmh_froslass: 1/6 =  16.7% [ 3.0,56.4]  (1.7s, 0.28s/game)
  prvsiyan_grimbelief_alakazam vs wmh_garchomp: 0/6 =   0.0% [ 0.0,39.0]  (2.1s, 0.35s/game)
  prvsiyan_grimbelief_alakazam vs wmh_grimmsnarl: 2/6 =  33.3% [ 9.7,70.0]  (2.9s, 0.49s/game)
  prvsiyan_grimbelief_alakazam vs wmh_kangaskhan: 4/6 =  66.7% [30.0,90.3]  (1.9s, 0.32s/game)
  prvsiyan_grimbelief_alakazam vs wmh_megastarmie: 1/6 =  16.7% [ 3.0,56.4]  (1.9s, 0.31s/game)
  prvsiyan_grimbelief_alakazam vs wmh_mewtwo: 5/6 =  83.3% [43.6,97.0]  (2.8s, 0.46s/game)
  prvsiyan_grimbelief_alakazam vs wmh_ogerpon: 5/6 =  83.3% [43.6,97.0]  (4.0s, 0.67s/game)
  prvsiyan_grimbelief_alakazam vs wmh_trevenant: 0/6 =   0.0% [ 0.0,39.0]  (1.5s, 0.25s/game)
  prvsiyan_grimbelief_alakazam vs wmh_typhlosion: 0/6 =   0.0% [ 0.0,39.0]  (3.2s, 0.54s/game)
  prvsiyan_grimbelief_alakazam vs random_legal: 6/6 = 100.0% [61.0,100.0]  (2.4s, 0.39s/game)
  romanrozen_strong_start vs ryotasueyoshi_alakazam: 4/6 =  66.7% [30.0,90.3]  (1.8s, 0.30s/game)
  romanrozen_strong_start vs tb_abomasnow: 5/6 =  83.3% [43.6,97.0]  (0.4s, 0.07s/game)
  romanrozen_strong_start vs tb_alakazam: 1/6 =  16.7% [ 3.0,56.4]  (1.4s, 0.24s/game)
  romanrozen_strong_start vs tb_archaludon: 5/6 =  83.3% [43.6,97.0]  (0.9s, 0.15s/game)
  romanrozen_strong_start vs tb_dragapult: 5/6 =  83.3% [43.6,97.0]  (1.8s, 0.30s/game)
  romanrozen_strong_start vs tb_heuristic: 6/6 = 100.0% [61.0,100.0]  (1.4s, 0.24s/game)
  romanrozen_strong_start vs tb_iono: 6/6 = 100.0% [61.0,100.0]  (1.0s, 0.16s/game)
  romanrozen_strong_start vs tb_lucario: 4/6 =  66.7% [30.0,90.3]  (1.4s, 0.24s/game)
  romanrozen_strong_start vs tb_rulecore: 4/6 =  66.7% [30.0,90.3]  (1.1s, 0.18s/game)
  romanrozen_strong_start vs tb_search: 6/6 = 100.0% [61.0,100.0]  (1.2s, 0.20s/game)
  romanrozen_strong_start vs tb_starmie: 6/6 = 100.0% [61.0,100.0]  (0.8s, 0.14s/game)
  romanrozen_strong_start vs wmh_alakazam: 2/6 =  33.3% [ 9.7,70.0]  (1.0s, 0.17s/game)
  romanrozen_strong_start vs wmh_bellibolt: 6/6 = 100.0% [61.0,100.0]  (1.2s, 0.20s/game)
  romanrozen_strong_start vs wmh_chandelure: 6/6 = 100.0% [61.0,100.0]  (0.8s, 0.14s/game)
  romanrozen_strong_start vs wmh_froslass: 2/6 =  33.3% [ 9.7,70.0]  (1.3s, 0.22s/game)
  romanrozen_strong_start vs wmh_garchomp: 2/6 =  33.3% [ 9.7,70.0]  (1.6s, 0.27s/game)
  romanrozen_strong_start vs wmh_grimmsnarl: 6/6 = 100.0% [61.0,100.0]  (1.5s, 0.25s/game)
  romanrozen_strong_start vs wmh_kangaskhan: 6/6 = 100.0% [61.0,100.0]  (1.0s, 0.17s/game)
  romanrozen_strong_start vs wmh_megastarmie: 5/6 =  83.3% [43.6,97.0]  (1.1s, 0.18s/game)
  romanrozen_strong_start vs wmh_mewtwo: 6/6 = 100.0% [61.0,100.0]  (1.6s, 0.26s/game)
  romanrozen_strong_start vs wmh_ogerpon: 6/6 = 100.0% [61.0,100.0]  (1.3s, 0.22s/game)
  romanrozen_strong_start vs wmh_trevenant: 2/6 =  33.3% [ 9.7,70.0]  (1.6s, 0.26s/game)
  romanrozen_strong_start vs wmh_typhlosion: 6/6 = 100.0% [61.0,100.0]  (1.7s, 0.28s/game)
  ryotasueyoshi_alakazam vs tb_abomasnow: 4/6 =  66.7% [30.0,90.3]  (0.9s, 0.15s/game)
  ryotasueyoshi_alakazam vs tb_alakazam: 3/6 =  50.0% [18.8,81.2]  (1.6s, 0.26s/game)
  ryotasueyoshi_alakazam vs tb_archaludon: 3/6 =  50.0% [18.8,81.2]  (1.5s, 0.25s/game)
  ryotasueyoshi_alakazam vs tb_dragapult: 2/6 =  33.3% [ 9.7,70.0]  (1.4s, 0.23s/game)
  ryotasueyoshi_alakazam vs tb_heuristic: 5/6 =  83.3% [43.6,97.0]  (1.9s, 0.31s/game)
  ryotasueyoshi_alakazam vs tb_iono: 3/6 =  50.0% [18.8,81.2]  (2.7s, 0.45s/game)
  ryotasueyoshi_alakazam vs tb_lucario: 4/6 =  66.7% [30.0,90.3]  (1.6s, 0.27s/game)
  ryotasueyoshi_alakazam vs tb_rulecore: 6/6 = 100.0% [61.0,100.0]  (1.5s, 0.24s/game)
  ryotasueyoshi_alakazam vs tb_search: 5/6 =  83.3% [43.6,97.0]  (1.4s, 0.24s/game)
  ryotasueyoshi_alakazam vs tb_starmie: 4/6 =  66.7% [30.0,90.3]  (1.2s, 0.21s/game)
  ryotasueyoshi_alakazam vs wmh_alakazam: 2/6 =  33.3% [ 9.7,70.0]  (1.8s, 0.29s/game)
  ryotasueyoshi_alakazam vs wmh_bellibolt: 6/6 = 100.0% [61.0,100.0]  (1.6s, 0.26s/game)
  ryotasueyoshi_alakazam vs wmh_chandelure: 4/6 =  66.7% [30.0,90.3]  (1.4s, 0.23s/game)
  ryotasueyoshi_alakazam vs wmh_froslass: 5/6 =  83.3% [43.6,97.0]  (1.2s, 0.21s/game)
  ryotasueyoshi_alakazam vs wmh_garchomp: 1/6 =  16.7% [ 3.0,56.4]  (1.6s, 0.26s/game)
  ryotasueyoshi_alakazam vs wmh_grimmsnarl: 5/6 =  83.3% [43.6,97.0]  (1.8s, 0.31s/game)
  ryotasueyoshi_alakazam vs wmh_kangaskhan: 4/6 =  66.7% [30.0,90.3]  (1.5s, 0.25s/game)
  ryotasueyoshi_alakazam vs wmh_megastarmie: 3/6 =  50.0% [18.8,81.2]  (0.9s, 0.15s/game)
  ryotasueyoshi_alakazam vs wmh_mewtwo: 2/6 =  33.3% [ 9.7,70.0]  (1.9s, 0.32s/game)
  ryotasueyoshi_alakazam vs wmh_ogerpon: 6/6 = 100.0% [61.0,100.0]  (2.0s, 0.34s/game)
  ryotasueyoshi_alakazam vs wmh_trevenant: 3/6 =  50.0% [18.8,81.2]  (1.4s, 0.24s/game)
  ryotasueyoshi_alakazam vs wmh_typhlosion: 6/6 = 100.0% [61.0,100.0]  (2.0s, 0.33s/game)
  tb_abomasnow vs tb_alakazam: 2/6 =  33.3% [ 9.7,70.0]  (1.0s, 0.17s/game)
  tb_abomasnow vs tb_archaludon: 3/6 =  50.0% [18.8,81.2]  (0.8s, 0.14s/game)
  tb_abomasnow vs tb_dragapult: 3/6 =  50.0% [18.8,81.2]  (1.1s, 0.19s/game)
  tb_abomasnow vs tb_heuristic: 5/6 =  83.3% [43.6,97.0]  (1.0s, 0.17s/game)
  tb_abomasnow vs tb_iono: 1/6 =  16.7% [ 3.0,56.4]  (2.1s, 0.36s/game)
  tb_abomasnow vs tb_lucario: 6/6 = 100.0% [61.0,100.0]  (0.9s, 0.15s/game)
  tb_abomasnow vs tb_rulecore: 4/6 =  66.7% [30.0,90.3]  (0.7s, 0.11s/game)
  tb_abomasnow vs tb_search: 5/6 =  83.3% [43.6,97.0]  (0.7s, 0.12s/game)
  tb_abomasnow vs tb_starmie: 6/6 = 100.0% [61.0,100.0]  (0.6s, 0.11s/game)
  tb_abomasnow vs wmh_alakazam: 3/6 =  50.0% [18.8,81.2]  (0.8s, 0.14s/game)
  tb_abomasnow vs wmh_bellibolt: 5/6 =  83.3% [43.6,97.0]  (1.4s, 0.23s/game)
  tb_abomasnow vs wmh_chandelure: 3/6 =  50.0% [18.8,81.2]  (0.9s, 0.15s/game)
  tb_abomasnow vs wmh_froslass: 5/6 =  83.3% [43.6,97.0]  (0.6s, 0.09s/game)
  tb_abomasnow vs wmh_garchomp: 3/6 =  50.0% [18.8,81.2]  (1.1s, 0.18s/game)
  tb_abomasnow vs wmh_grimmsnarl: 6/6 = 100.0% [61.0,100.0]  (1.4s, 0.23s/game)
  tb_abomasnow vs wmh_kangaskhan: 6/6 = 100.0% [61.0,100.0]  (0.8s, 0.13s/game)
  tb_abomasnow vs wmh_megastarmie: 4/6 =  66.7% [30.0,90.3]  (0.6s, 0.09s/game)
  tb_abomasnow vs wmh_mewtwo: 6/6 = 100.0% [61.0,100.0]  (0.8s, 0.13s/game)
  tb_abomasnow vs wmh_ogerpon: 5/6 =  83.3% [43.6,97.0]  (1.5s, 0.25s/game)
  tb_abomasnow vs wmh_trevenant: 2/6 =  33.3% [ 9.7,70.0]  (1.0s, 0.16s/game)
  tb_abomasnow vs wmh_typhlosion: 3/6 =  50.0% [18.8,81.2]  (1.5s, 0.24s/game)
  tb_alakazam vs tb_archaludon: 3/6 =  50.0% [18.8,81.2]  (1.5s, 0.25s/game)
  tb_alakazam vs tb_dragapult: 4/6 =  66.7% [30.0,90.3]  (1.9s, 0.31s/game)
  tb_alakazam vs tb_heuristic: 6/6 = 100.0% [61.0,100.0]  (1.4s, 0.23s/game)
  tb_alakazam vs tb_iono: 2/6 =  33.3% [ 9.7,70.0]  (2.4s, 0.40s/game)
  tb_alakazam vs tb_lucario: 3/6 =  50.0% [18.8,81.2]  (1.0s, 0.17s/game)
  tb_alakazam vs tb_rulecore: 3/6 =  50.0% [18.8,81.2]  (1.3s, 0.22s/game)
  tb_alakazam vs tb_search: 6/6 = 100.0% [61.0,100.0]  (1.5s, 0.25s/game)
  tb_alakazam vs tb_starmie: 5/6 =  83.3% [43.6,97.0]  (1.3s, 0.22s/game)
  tb_alakazam vs wmh_alakazam: 1/6 =  16.7% [ 3.0,56.4]  (1.7s, 0.28s/game)
  tb_alakazam vs wmh_bellibolt: 4/6 =  66.7% [30.0,90.3]  (1.5s, 0.24s/game)
  tb_alakazam vs wmh_chandelure: 2/6 =  33.3% [ 9.7,70.0]  (1.3s, 0.22s/game)
  tb_alakazam vs wmh_froslass: 5/6 =  83.3% [43.6,97.0]  (1.1s, 0.18s/game)
  tb_alakazam vs wmh_garchomp: 2/6 =  33.3% [ 9.7,70.0]  (2.0s, 0.33s/game)
  tb_alakazam vs wmh_grimmsnarl: 5/6 =  83.3% [43.6,97.0]  (1.7s, 0.28s/game)
  tb_alakazam vs wmh_kangaskhan: 5/6 =  83.3% [43.6,97.0]  (1.7s, 0.28s/game)
  tb_alakazam vs wmh_megastarmie: 4/6 =  66.7% [30.0,90.3]  (1.4s, 0.24s/game)
  tb_alakazam vs wmh_mewtwo: 1/6 =  16.7% [ 3.0,56.4]  (1.9s, 0.32s/game)
  tb_alakazam vs wmh_ogerpon: 6/6 = 100.0% [61.0,100.0]  (1.5s, 0.25s/game)
  tb_alakazam vs wmh_trevenant: 2/6 =  33.3% [ 9.7,70.0]  (1.5s, 0.25s/game)
  tb_alakazam vs wmh_typhlosion: 5/6 =  83.3% [43.6,97.0]  (1.8s, 0.30s/game)
  tb_archaludon vs tb_dragapult: 3/6 =  50.0% [18.8,81.2]  (1.5s, 0.25s/game)
  tb_archaludon vs tb_heuristic: 5/6 =  83.3% [43.6,97.0]  (1.2s, 0.20s/game)
  tb_archaludon vs tb_iono: 2/6 =  33.3% [ 9.7,70.0]  (3.1s, 0.51s/game)
  tb_archaludon vs tb_lucario: 4/6 =  66.7% [30.0,90.3]  (1.7s, 0.28s/game)
  tb_archaludon vs tb_rulecore: 4/6 =  66.7% [30.0,90.3]  (1.7s, 0.28s/game)
  tb_archaludon vs tb_search: 6/6 = 100.0% [61.0,100.0]  (2.1s, 0.35s/game)
  tb_archaludon vs tb_starmie: 6/6 = 100.0% [61.0,100.0]  (1.0s, 0.17s/game)
  tb_archaludon vs wmh_alakazam: 2/6 =  33.3% [ 9.7,70.0]  (1.2s, 0.20s/game)
  tb_archaludon vs wmh_bellibolt: 6/6 = 100.0% [61.0,100.0]  (1.6s, 0.27s/game)
  tb_archaludon vs wmh_chandelure: 3/6 =  50.0% [18.8,81.2]  (1.8s, 0.30s/game)
  tb_archaludon vs wmh_froslass: 6/6 = 100.0% [61.0,100.0]  (1.3s, 0.21s/game)
  tb_archaludon vs wmh_garchomp: 3/6 =  50.0% [18.8,81.2]  (1.4s, 0.23s/game)
  tb_archaludon vs wmh_grimmsnarl: 6/6 = 100.0% [61.0,100.0]  (1.6s, 0.27s/game)
  tb_archaludon vs wmh_kangaskhan: 6/6 = 100.0% [61.0,100.0]  (1.4s, 0.24s/game)
  tb_archaludon vs wmh_megastarmie: 5/6 =  83.3% [43.6,97.0]  (1.2s, 0.20s/game)
  tb_archaludon vs wmh_mewtwo: 5/6 =  83.3% [43.6,97.0]  (1.5s, 0.25s/game)
  tb_archaludon vs wmh_ogerpon: 6/6 = 100.0% [61.0,100.0]  (1.9s, 0.32s/game)
  tb_archaludon vs wmh_trevenant: 5/6 =  83.3% [43.6,97.0]  (1.7s, 0.28s/game)
  tb_archaludon vs wmh_typhlosion: 6/6 = 100.0% [61.0,100.0]  (2.3s, 0.39s/game)
  tb_dragapult vs tb_heuristic: 6/6 = 100.0% [61.0,100.0]  (1.9s, 0.31s/game)
  tb_dragapult vs tb_iono: 6/6 = 100.0% [61.0,100.0]  (3.5s, 0.59s/game)
  tb_dragapult vs tb_lucario: 3/6 =  50.0% [18.8,81.2]  (2.4s, 0.40s/game)
  tb_dragapult vs tb_rulecore: 6/6 = 100.0% [61.0,100.0]  (2.3s, 0.38s/game)
  tb_dragapult vs tb_search: 3/6 =  50.0% [18.8,81.2]  (2.0s, 0.33s/game)
  tb_dragapult vs tb_starmie: 6/6 = 100.0% [61.0,100.0]  (1.3s, 0.21s/game)
  tb_dragapult vs wmh_alakazam: 3/6 =  50.0% [18.8,81.2]  (1.5s, 0.26s/game)
  tb_dragapult vs wmh_bellibolt: 6/6 = 100.0% [61.0,100.0]  (2.1s, 0.36s/game)
  tb_dragapult vs wmh_chandelure: 5/6 =  83.3% [43.6,97.0]  (1.5s, 0.25s/game)
  tb_dragapult vs wmh_froslass: 5/6 =  83.3% [43.6,97.0]  (1.3s, 0.22s/game)
  tb_dragapult vs wmh_garchomp: 3/6 =  50.0% [18.8,81.2]  (2.0s, 0.34s/game)
  tb_dragapult vs wmh_grimmsnarl: 5/6 =  83.3% [43.6,97.0]  (2.5s, 0.42s/game)
  tb_dragapult vs wmh_kangaskhan: 6/6 = 100.0% [61.0,100.0]  (1.6s, 0.26s/game)
  tb_dragapult vs wmh_megastarmie: 2/6 =  33.3% [ 9.7,70.0]  (1.1s, 0.18s/game)
  tb_dragapult vs wmh_mewtwo: 6/6 = 100.0% [61.0,100.0]  (3.1s, 0.52s/game)
  tb_dragapult vs wmh_ogerpon: 6/6 = 100.0% [61.0,100.0]  (2.4s, 0.40s/game)
  tb_dragapult vs wmh_trevenant: 6/6 = 100.0% [61.0,100.0]  (3.0s, 0.50s/game)
  tb_dragapult vs wmh_typhlosion: 6/6 = 100.0% [61.0,100.0]  (1.4s, 0.24s/game)
  tb_heuristic vs tb_iono: 0/6 =   0.0% [ 0.0,39.0]  (3.1s, 0.52s/game)
  tb_heuristic vs tb_lucario: 1/6 =  16.7% [ 3.0,56.4]  (1.6s, 0.27s/game)
  tb_heuristic vs tb_rulecore: 0/6 =   0.0% [ 0.0,39.0]  (1.8s, 0.29s/game)
  tb_heuristic vs tb_search: 3/6 =  50.0% [18.8,81.2]  (1.7s, 0.28s/game)
  tb_heuristic vs tb_starmie: 6/6 = 100.0% [61.0,100.0]  (2.1s, 0.35s/game)
  tb_heuristic vs wmh_alakazam: 0/6 =   0.0% [ 0.0,39.0]  (2.5s, 0.42s/game)
  tb_heuristic vs wmh_bellibolt: 0/6 =   0.0% [ 0.0,39.0]  (2.2s, 0.37s/game)
  tb_heuristic vs wmh_chandelure: 2/6 =  33.3% [ 9.7,70.0]  (2.0s, 0.34s/game)
  tb_heuristic vs wmh_froslass: 0/6 =   0.0% [ 0.0,39.0]  (1.1s, 0.19s/game)
  tb_heuristic vs wmh_garchomp: 0/6 =   0.0% [ 0.0,39.0]  (1.6s, 0.27s/game)
  tb_heuristic vs wmh_grimmsnarl: 2/6 =  33.3% [ 9.7,70.0]  (2.2s, 0.37s/game)
  tb_heuristic vs wmh_kangaskhan: 3/6 =  50.0% [18.8,81.2]  (1.5s, 0.25s/game)
  tb_heuristic vs wmh_megastarmie: 0/6 =   0.0% [ 0.0,39.0]  (1.3s, 0.21s/game)
  tb_heuristic vs wmh_mewtwo: 2/6 =  33.3% [ 9.7,70.0]  (1.9s, 0.32s/game)
  tb_heuristic vs wmh_ogerpon: 5/6 =  83.3% [43.6,97.0]  (2.6s, 0.43s/game)
  tb_heuristic vs wmh_trevenant: 2/6 =  33.3% [ 9.7,70.0]  (1.7s, 0.29s/game)
  tb_heuristic vs wmh_typhlosion: 1/6 =  16.7% [ 3.0,56.4]  (1.7s, 0.28s/game)
  tb_iono vs tb_lucario: 4/6 =  66.7% [30.0,90.3]  (3.0s, 0.50s/game)
  tb_iono vs tb_rulecore: 2/6 =  33.3% [ 9.7,70.0]  (2.3s, 0.38s/game)
  tb_iono vs tb_search: 5/6 =  83.3% [43.6,97.0]  (2.7s, 0.45s/game)
  tb_iono vs tb_starmie: 6/6 = 100.0% [61.0,100.0]  (1.2s, 0.20s/game)
  tb_iono vs wmh_alakazam: 1/6 =  16.7% [ 3.0,56.4]  (3.2s, 0.53s/game)
  tb_iono vs wmh_bellibolt: 6/6 = 100.0% [61.0,100.0]  (2.3s, 0.39s/game)
  tb_iono vs wmh_chandelure: 6/6 = 100.0% [61.0,100.0]  (2.0s, 0.34s/game)
  tb_iono vs wmh_froslass: 6/6 = 100.0% [61.0,100.0]  (1.9s, 0.32s/game)
  tb_iono vs wmh_garchomp: 2/6 =  33.3% [ 9.7,70.0]  (4.8s, 0.79s/game)
  tb_iono vs wmh_grimmsnarl: 6/6 = 100.0% [61.0,100.0]  (3.7s, 0.62s/game)
  tb_iono vs wmh_kangaskhan: 6/6 = 100.0% [61.0,100.0]  (3.1s, 0.51s/game)
  tb_iono vs wmh_megastarmie: 6/6 = 100.0% [61.0,100.0]  (1.6s, 0.27s/game)
  tb_iono vs wmh_mewtwo: 6/6 = 100.0% [61.0,100.0]  (2.7s, 0.46s/game)
  tb_iono vs wmh_ogerpon: 6/6 = 100.0% [61.0,100.0]  (3.2s, 0.53s/game)
  tb_iono vs wmh_trevenant: 6/6 = 100.0% [61.0,100.0]  (3.6s, 0.59s/game)
  tb_iono vs wmh_typhlosion: 3/6 =  50.0% [18.8,81.2]  (3.9s, 0.66s/game)
  tb_lucario vs tb_rulecore: 4/6 =  66.7% [30.0,90.3]  (1.4s, 0.24s/game)
  tb_lucario vs tb_search: 3/6 =  50.0% [18.8,81.2]  (1.6s, 0.27s/game)
  tb_lucario vs tb_starmie: 6/6 = 100.0% [61.0,100.0]  (0.9s, 0.15s/game)
  tb_lucario vs wmh_alakazam: 1/6 =  16.7% [ 3.0,56.4]  (1.8s, 0.31s/game)
  tb_lucario vs wmh_bellibolt: 6/6 = 100.0% [61.0,100.0]  (2.0s, 0.34s/game)
  tb_lucario vs wmh_chandelure: 4/6 =  66.7% [30.0,90.3]  (1.7s, 0.29s/game)
  tb_lucario vs wmh_froslass: 1/6 =  16.7% [ 3.0,56.4]  (1.0s, 0.17s/game)
  tb_lucario vs wmh_garchomp: 1/6 =  16.7% [ 3.0,56.4]  (1.8s, 0.30s/game)
  tb_lucario vs wmh_grimmsnarl: 5/6 =  83.3% [43.6,97.0]  (2.1s, 0.34s/game)
  tb_lucario vs wmh_kangaskhan: 5/6 =  83.3% [43.6,97.0]  (1.2s, 0.19s/game)
  tb_lucario vs wmh_megastarmie: 3/6 =  50.0% [18.8,81.2]  (0.8s, 0.13s/game)
  tb_lucario vs wmh_mewtwo: 2/6 =  33.3% [ 9.7,70.0]  (1.7s, 0.28s/game)
  tb_lucario vs wmh_ogerpon: 5/6 =  83.3% [43.6,97.0]  (1.9s, 0.32s/game)
  tb_lucario vs wmh_trevenant: 1/6 =  16.7% [ 3.0,56.4]  (1.4s, 0.24s/game)
  tb_lucario vs wmh_typhlosion: 1/6 =  16.7% [ 3.0,56.4]  (1.6s, 0.27s/game)
  tb_rulecore vs tb_search: 5/6 =  83.3% [43.6,97.0]  (2.8s, 0.46s/game)
  tb_rulecore vs tb_starmie: 6/6 = 100.0% [61.0,100.0]  (1.7s, 0.28s/game)
  tb_rulecore vs wmh_alakazam: 0/6 =   0.0% [ 0.0,39.0]  (2.1s, 0.35s/game)
  tb_rulecore vs wmh_bellibolt: 6/6 = 100.0% [61.0,100.0]  (1.4s, 0.24s/game)
  tb_rulecore vs wmh_chandelure: 6/6 = 100.0% [61.0,100.0]  (1.1s, 0.19s/game)
  tb_rulecore vs wmh_froslass: 1/6 =  16.7% [ 3.0,56.4]  (1.3s, 0.22s/game)
  tb_rulecore vs wmh_garchomp: 0/6 =   0.0% [ 0.0,39.0]  (1.9s, 0.32s/game)
  tb_rulecore vs wmh_grimmsnarl: 5/6 =  83.3% [43.6,97.0]  (1.6s, 0.26s/game)
  tb_rulecore vs wmh_kangaskhan: 5/6 =  83.3% [43.6,97.0]  (1.8s, 0.30s/game)
  tb_rulecore vs wmh_megastarmie: 2/6 =  33.3% [ 9.7,70.0]  (1.1s, 0.18s/game)
  tb_rulecore vs wmh_mewtwo: 4/6 =  66.7% [30.0,90.3]  (1.7s, 0.29s/game)
  tb_rulecore vs wmh_ogerpon: 6/6 = 100.0% [61.0,100.0]  (1.6s, 0.27s/game)
  tb_rulecore vs wmh_trevenant: 0/6 =   0.0% [ 0.0,39.0]  (1.9s, 0.32s/game)
  tb_rulecore vs wmh_typhlosion: 2/6 =  33.3% [ 9.7,70.0]  (2.0s, 0.33s/game)
  tb_search vs tb_starmie: 5/6 =  83.3% [43.6,97.0]  (1.2s, 0.20s/game)
  tb_search vs wmh_alakazam: 1/6 =  16.7% [ 3.0,56.4]  (1.3s, 0.21s/game)
  tb_search vs wmh_bellibolt: 5/6 =  83.3% [43.6,97.0]  (2.3s, 0.39s/game)
  tb_search vs wmh_chandelure: 6/6 = 100.0% [61.0,100.0]  (1.2s, 0.20s/game)
  tb_search vs wmh_froslass: 3/6 =  50.0% [18.8,81.2]  (1.4s, 0.23s/game)
  tb_search vs wmh_garchomp: 1/6 =  16.7% [ 3.0,56.4]  (1.5s, 0.25s/game)
  tb_search vs wmh_grimmsnarl: 3/6 =  50.0% [18.8,81.2]  (2.1s, 0.35s/game)
  tb_search vs wmh_kangaskhan: 6/6 = 100.0% [61.0,100.0]  (1.4s, 0.24s/game)
  tb_search vs wmh_megastarmie: 1/6 =  16.7% [ 3.0,56.4]  (1.3s, 0.21s/game)
  tb_search vs wmh_mewtwo: 3/6 =  50.0% [18.8,81.2]  (1.9s, 0.31s/game)
  tb_search vs wmh_ogerpon: 5/6 =  83.3% [43.6,97.0]  (1.9s, 0.32s/game)
  tb_search vs wmh_trevenant: 0/6 =   0.0% [ 0.0,39.0]  (2.3s, 0.38s/game)
  tb_search vs wmh_typhlosion: 3/6 =  50.0% [18.8,81.2]  (2.4s, 0.39s/game)
  tb_starmie vs wmh_alakazam: 2/6 =  33.3% [ 9.7,70.0]  (1.1s, 0.18s/game)
  tb_starmie vs wmh_bellibolt: 0/6 =   0.0% [ 0.0,39.0]  (1.2s, 0.21s/game)
  tb_starmie vs wmh_chandelure: 0/6 =   0.0% [ 0.0,39.0]  (2.5s, 0.41s/game)
  tb_starmie vs wmh_froslass: 0/6 =   0.0% [ 0.0,39.0]  (0.9s, 0.15s/game)
  tb_starmie vs wmh_garchomp: 0/6 =   0.0% [ 0.0,39.0]  (1.8s, 0.30s/game)
  tb_starmie vs wmh_grimmsnarl: 1/6 =  16.7% [ 3.0,56.4]  (2.0s, 0.34s/game)
  tb_starmie vs wmh_kangaskhan: 4/6 =  66.7% [30.0,90.3]  (1.9s, 0.31s/game)
  tb_starmie vs wmh_megastarmie: 0/6 =   0.0% [ 0.0,39.0]  (0.7s, 0.11s/game)
  tb_starmie vs wmh_mewtwo: 3/6 =  50.0% [18.8,81.2]  (1.4s, 0.24s/game)
  tb_starmie vs wmh_ogerpon: 2/6 =  33.3% [ 9.7,70.0]  (2.1s, 0.35s/game)
  tb_starmie vs wmh_trevenant: 1/6 =  16.7% [ 3.0,56.4]  (1.3s, 0.21s/game)
  tb_starmie vs wmh_typhlosion: 1/6 =  16.7% [ 3.0,56.4]  (1.9s, 0.31s/game)
  wmh_alakazam vs wmh_bellibolt: 5/6 =  83.3% [43.6,97.0]  (1.4s, 0.24s/game)
  wmh_alakazam vs wmh_chandelure: 6/6 = 100.0% [61.0,100.0]  (1.2s, 0.19s/game)
  wmh_alakazam vs wmh_froslass: 3/6 =  50.0% [18.8,81.2]  (0.9s, 0.14s/game)
  wmh_alakazam vs wmh_garchomp: 3/6 =  50.0% [18.8,81.2]  (1.4s, 0.23s/game)
  wmh_alakazam vs wmh_grimmsnarl: 4/6 =  66.7% [30.0,90.3]  (1.6s, 0.27s/game)
  wmh_alakazam vs wmh_kangaskhan: 6/6 = 100.0% [61.0,100.0]  (1.2s, 0.20s/game)
  wmh_alakazam vs wmh_megastarmie: 2/6 =  33.3% [ 9.7,70.0]  (0.9s, 0.15s/game)
  wmh_alakazam vs wmh_mewtwo: 5/6 =  83.3% [43.6,97.0]  (2.1s, 0.35s/game)
  wmh_alakazam vs wmh_ogerpon: 4/6 =  66.7% [30.0,90.3]  (1.3s, 0.21s/game)
  wmh_alakazam vs wmh_trevenant: 5/6 =  83.3% [43.6,97.0]  (2.2s, 0.37s/game)
  wmh_alakazam vs wmh_typhlosion: 5/6 =  83.3% [43.6,97.0]  (1.8s, 0.29s/game)
  wmh_bellibolt vs wmh_chandelure: 4/6 =  66.7% [30.0,90.3]  (1.9s, 0.31s/game)
  wmh_bellibolt vs wmh_froslass: 2/6 =  33.3% [ 9.7,70.0]  (0.7s, 0.12s/game)
  wmh_bellibolt vs wmh_garchomp: 0/6 =   0.0% [ 0.0,39.0]  (1.6s, 0.27s/game)
  wmh_bellibolt vs wmh_grimmsnarl: 0/6 =   0.0% [ 0.0,39.0]  (1.9s, 0.32s/game)
  wmh_bellibolt vs wmh_kangaskhan: 6/6 = 100.0% [61.0,100.0]  (1.6s, 0.27s/game)
  wmh_bellibolt vs wmh_megastarmie: 3/6 =  50.0% [18.8,81.2]  (0.7s, 0.12s/game)
  wmh_bellibolt vs wmh_mewtwo: 3/6 =  50.0% [18.8,81.2]  (1.6s, 0.26s/game)
  wmh_bellibolt vs wmh_ogerpon: 4/6 =  66.7% [30.0,90.3]  (2.6s, 0.44s/game)
  wmh_bellibolt vs wmh_trevenant: 0/6 =   0.0% [ 0.0,39.0]  (1.5s, 0.24s/game)
  wmh_bellibolt vs wmh_typhlosion: 2/6 =  33.3% [ 9.7,70.0]  (1.4s, 0.23s/game)
  wmh_chandelure vs wmh_froslass: 0/6 =   0.0% [ 0.0,39.0]  (0.7s, 0.12s/game)
  wmh_chandelure vs wmh_garchomp: 4/6 =  66.7% [30.0,90.3]  (1.9s, 0.31s/game)
  wmh_chandelure vs wmh_grimmsnarl: 1/6 =  16.7% [ 3.0,56.4]  (1.6s, 0.26s/game)
  wmh_chandelure vs wmh_kangaskhan: 2/6 =  33.3% [ 9.7,70.0]  (1.5s, 0.25s/game)
  wmh_chandelure vs wmh_megastarmie: 0/6 =   0.0% [ 0.0,39.0]  (1.4s, 0.24s/game)
  wmh_chandelure vs wmh_mewtwo: 5/6 =  83.3% [43.6,97.0]  (1.6s, 0.27s/game)
  wmh_chandelure vs wmh_ogerpon: 4/6 =  66.7% [30.0,90.3]  (3.0s, 0.51s/game)
  wmh_chandelure vs wmh_trevenant: 3/6 =  50.0% [18.8,81.2]  (2.0s, 0.33s/game)
  wmh_chandelure vs wmh_typhlosion: 1/6 =  16.7% [ 3.0,56.4]  (1.9s, 0.31s/game)
  wmh_froslass vs wmh_garchomp: 3/6 =  50.0% [18.8,81.2]  (1.3s, 0.21s/game)
  wmh_froslass vs wmh_grimmsnarl: 5/6 =  83.3% [43.6,97.0]  (1.9s, 0.31s/game)
  wmh_froslass vs wmh_kangaskhan: 5/6 =  83.3% [43.6,97.0]  (1.6s, 0.27s/game)
  wmh_froslass vs wmh_megastarmie: 3/6 =  50.0% [18.8,81.2]  (0.5s, 0.09s/game)
  wmh_froslass vs wmh_mewtwo: 6/6 = 100.0% [61.0,100.0]  (1.4s, 0.23s/game)
  wmh_froslass vs wmh_ogerpon: 6/6 = 100.0% [61.0,100.0]  (1.9s, 0.32s/game)
  wmh_froslass vs wmh_trevenant: 2/6 =  33.3% [ 9.7,70.0]  (0.9s, 0.16s/game)
  wmh_froslass vs wmh_typhlosion: 6/6 = 100.0% [61.0,100.0]  (1.1s, 0.18s/game)
  wmh_garchomp vs wmh_grimmsnarl: 6/6 = 100.0% [61.0,100.0]  (2.1s, 0.35s/game)
  wmh_garchomp vs wmh_kangaskhan: 6/6 = 100.0% [61.0,100.0]  (1.4s, 0.24s/game)
  wmh_garchomp vs wmh_megastarmie: 4/6 =  66.7% [30.0,90.3]  (1.2s, 0.20s/game)
  wmh_garchomp vs wmh_mewtwo: 5/6 =  83.3% [43.6,97.0]  (2.4s, 0.40s/game)
  wmh_garchomp vs wmh_ogerpon: 6/6 = 100.0% [61.0,100.0]  (2.5s, 0.42s/game)
  wmh_garchomp vs wmh_trevenant: 3/6 =  50.0% [18.8,81.2]  (2.1s, 0.34s/game)
  wmh_garchomp vs wmh_typhlosion: 6/6 = 100.0% [61.0,100.0]  (2.1s, 0.34s/game)
  wmh_grimmsnarl vs wmh_kangaskhan: 3/6 =  50.0% [18.8,81.2]  (2.2s, 0.37s/game)
  wmh_grimmsnarl vs wmh_megastarmie: 1/6 =  16.7% [ 3.0,56.4]  (1.1s, 0.18s/game)
  wmh_grimmsnarl vs wmh_mewtwo: 2/6 =  33.3% [ 9.7,70.0]  (2.0s, 0.33s/game)
  wmh_grimmsnarl vs wmh_ogerpon: 5/6 =  83.3% [43.6,97.0]  (2.4s, 0.40s/game)
  wmh_grimmsnarl vs wmh_trevenant: 2/6 =  33.3% [ 9.7,70.0]  (1.2s, 0.20s/game)
  wmh_grimmsnarl vs wmh_typhlosion: 3/6 =  50.0% [18.8,81.2]  (2.5s, 0.42s/game)
  wmh_kangaskhan vs wmh_megastarmie: 1/6 =  16.7% [ 3.0,56.4]  (1.3s, 0.22s/game)
  wmh_kangaskhan vs wmh_mewtwo: 1/6 =  16.7% [ 3.0,56.4]  (1.9s, 0.32s/game)
  wmh_kangaskhan vs wmh_ogerpon: 2/6 =  33.3% [ 9.7,70.0]  (2.9s, 0.48s/game)
  wmh_kangaskhan vs wmh_trevenant: 0/6 =   0.0% [ 0.0,39.0]  (1.8s, 0.31s/game)
  wmh_kangaskhan vs wmh_typhlosion: 1/6 =  16.7% [ 3.0,56.4]  (1.7s, 0.28s/game)
  wmh_megastarmie vs wmh_mewtwo: 6/6 = 100.0% [61.0,100.0]  (0.9s, 0.14s/game)
  wmh_megastarmie vs wmh_ogerpon: 6/6 = 100.0% [61.0,100.0]  (1.4s, 0.23s/game)
  wmh_megastarmie vs wmh_trevenant: 4/6 =  66.7% [30.0,90.3]  (0.9s, 0.15s/game)
  wmh_megastarmie vs wmh_typhlosion: 6/6 = 100.0% [61.0,100.0]  (1.1s, 0.18s/game)
  wmh_mewtwo vs wmh_ogerpon: 5/6 =  83.3% [43.6,97.0]  (1.7s, 0.29s/game)
  wmh_mewtwo vs wmh_trevenant: 4/6 =  66.7% [30.0,90.3]  (2.0s, 0.33s/game)
  wmh_mewtwo vs wmh_typhlosion: 4/6 =  66.7% [30.0,90.3]  (2.1s, 0.35s/game)
  wmh_ogerpon vs wmh_trevenant: 0/6 =   0.0% [ 0.0,39.0]  (2.2s, 0.37s/game)
  wmh_ogerpon vs wmh_typhlosion: 1/6 =  16.7% [ 3.0,56.4]  (2.0s, 0.34s/game)
  wmh_trevenant vs wmh_typhlosion: 4/6 =  66.7% [30.0,90.3]  (2.2s, 0.37s/game)
  random_legal vs romanrozen_strong_start: 0/6 =   0.0% [ 0.0,39.0]  (0.6s, 0.09s/game)
  random_legal vs ryotasueyoshi_alakazam: 1/6 =  16.7% [ 3.0,56.4]  (0.9s, 0.15s/game)
  random_legal vs tb_abomasnow: 0/6 =   0.0% [ 0.0,39.0]  (0.4s, 0.07s/game)
  random_legal vs tb_alakazam: 0/6 =   0.0% [ 0.0,39.0]  (0.8s, 0.14s/game)
  random_legal vs tb_archaludon: 0/6 =   0.0% [ 0.0,39.0]  (0.9s, 0.15s/game)
  random_legal vs tb_dragapult: 0/6 =   0.0% [ 0.0,39.0]  (1.0s, 0.17s/game)
  random_legal vs tb_heuristic: 3/6 =  50.0% [18.8,81.2]  (1.7s, 0.28s/game)
  random_legal vs tb_iono: 0/6 =   0.0% [ 0.0,39.0]  (1.5s, 0.24s/game)
  random_legal vs tb_lucario: 0/6 =   0.0% [ 0.0,39.0]  (1.4s, 0.23s/game)
  random_legal vs tb_rulecore: 0/6 =   0.0% [ 0.0,39.0]  (0.9s, 0.15s/game)
  random_legal vs tb_search: 1/6 =  16.7% [ 3.0,56.4]  (1.1s, 0.18s/game)
  random_legal vs tb_starmie: 1/6 =  16.7% [ 3.0,56.4]  (2.2s, 0.36s/game)
  random_legal vs wmh_alakazam: 0/6 =   0.0% [ 0.0,39.0]  (0.8s, 0.13s/game)
  random_legal vs wmh_bellibolt: 0/6 =   0.0% [ 0.0,39.0]  (0.9s, 0.15s/game)
  random_legal vs wmh_chandelure: 0/6 =   0.0% [ 0.0,39.0]  (2.6s, 0.43s/game)
  random_legal vs wmh_froslass: 0/6 =   0.0% [ 0.0,39.0]  (0.5s, 0.09s/game)
  random_legal vs wmh_garchomp: 0/6 =   0.0% [ 0.0,39.0]  (1.0s, 0.16s/game)
  random_legal vs wmh_grimmsnarl: 0/6 =   0.0% [ 0.0,39.0]  (1.0s, 0.17s/game)
  random_legal vs wmh_kangaskhan: 4/6 =  66.7% [30.0,90.3]  (1.6s, 0.26s/game)
  random_legal vs wmh_megastarmie: 0/6 =   0.0% [ 0.0,39.0]  (0.4s, 0.06s/game)
  random_legal vs wmh_mewtwo: 2/6 =  33.3% [ 9.7,70.0]  (1.3s, 0.22s/game)
  random_legal vs wmh_ogerpon: 3/6 =  50.0% [18.8,81.2]  (2.1s, 0.35s/game)
  random_legal vs wmh_trevenant: 1/6 =  16.7% [ 3.0,56.4]  (0.9s, 0.16s/game)
  random_legal vs wmh_typhlosion: 1/6 =  16.7% [ 3.0,56.4]  (1.2s, 0.20s/game)

=== Overall win rate (all games), Wilson 95% CI ===
  pllinas_alakazam        83.6%  [78.5,87.7]  (209/250)
  plamen06_steel          76.0%  [70.3,80.9]  (190/250)
  mechi22_alakazam        73.6%  [67.8,78.7]  (184/250)
  kojimar_lucario         69.6%  [63.6,75.0]  (174/250)
  romanrozen_strong_start  69.2%  [63.2,74.6]  (173/250)
  tb_archaludon           69.2%  [63.2,74.6]  (173/250)
  tb_dragapult            68.8%  [62.8,74.2]  (172/250)
  makthanithin_1084_baseline  68.4%  [62.4,73.8]  (171/250)
  makthanithin_improved_prob  68.4%  [62.4,73.8]  (171/250)
  daniilkrasnovvv_conservative_prob  68.0%  [62.0,73.5]  (170/250)
  wmh_alakazam            67.6%  [61.6,73.1]  (169/250)
  kiyotah_abomasnow       64.8%  [58.7,70.5]  (162/250)
  pixiux_lucario_v63      64.4%  [58.3,70.1]  (161/250)
  kiyotah_dragapult       64.0%  [57.9,69.7]  (160/250)
  wmh_garchomp            63.6%  [57.5,69.3]  (159/250)
  prvsiyan_control_v11    62.0%  [55.8,67.8]  (155/250)
  ryotasueyoshi_alakazam  62.0%  [55.8,67.8]  (155/250)
  tb_iono                 61.6%  [55.4,67.4]  (154/250)
  kiyotah_iono            61.2%  [55.0,67.0]  (153/250)
  wmh_megastarmie         59.2%  [53.0,65.1]  (148/250)
  wmh_trevenant           58.4%  [52.2,64.3]  (146/250)
  biohack44_day2          58.0%  [51.8,64.0]  (145/250)
  tb_alakazam             57.2%  [51.0,63.2]  (143/250)
  tb_abomasnow            56.8%  [50.6,62.8]  (142/250)
  wmh_froslass            51.2%  [45.0,57.3]  (128/250)
  jek1wantaufik_lucario   50.8%  [44.6,56.9]  (127/250)
  tb_lucario              43.6%  [37.6,49.8]  (109/250)
  tb_rulecore             42.0%  [36.0,48.2]  (105/250)
  wmh_typhlosion          39.2%  [33.4,45.4]  (98/250)
  tb_search               36.0%  [30.3,42.1]  (90/250)
  wmh_chandelure          32.0%  [26.5,38.0]  (80/250)
  wmh_grimmsnarl          31.6%  [26.2,37.6]  (79/250)
  wmh_mewtwo              31.2%  [25.8,37.2]  (78/250)
  wmh_bellibolt           28.8%  [23.5,34.7]  (72/250)
  avikdas567_heuristic    21.6%  [16.9,27.1]  (54/250)
  prvsiyan_grimbelief_alakazam  21.2%  [16.6,26.7]  (53/250)
  tb_heuristic            20.0%  [15.5,25.4]  (50/250)
  makimakiai_rl           18.0%  [13.7,23.2]  (45/250)
  wmh_ogerpon             16.0%  [12.0,21.1]  (40/250)
  tb_starmie              14.8%  [10.9,19.7]  (37/250)
  wmh_kangaskhan          14.4%  [10.6,19.3]  (36/250)
  random_legal            10.8%  [ 7.5,15.3]  (27/250)

=== Glicko-1 ratings (persisted across runs, higher = stronger) ===
  pllinas_alakazam        1851.5  (RD  33.0, 95% CI +/- 65.9)  GXE  79.4%
  plamen06_steel          1772.0  (RD  33.0, 95% CI +/- 65.9)  GXE  74.0%
  mechi22_alakazam        1746.9  (RD  33.0, 95% CI +/- 65.9)  GXE  72.1%
  kojimar_lucario         1705.0  (RD  33.0, 95% CI +/- 65.9)  GXE  68.7%
  romanrozen_strong_start  1700.8  (RD  33.0, 95% CI +/- 65.9)  GXE  68.4%
  tb_archaludon           1700.8  (RD  33.0, 95% CI +/- 65.9)  GXE  68.4%
  tb_dragapult            1696.7  (RD  33.0, 95% CI +/- 65.9)  GXE  68.0%
  makthanithin_1084_baseline  1692.5  (RD  33.0, 95% CI +/- 65.9)  GXE  67.7%
  makthanithin_improved_prob  1692.5  (RD  33.0, 95% CI +/- 65.9)  GXE  67.7%
  daniilkrasnovvv_conservative_prob  1688.3  (RD  33.0, 95% CI +/- 65.9)  GXE  67.3%
  wmh_alakazam            1684.1  (RD  33.0, 95% CI +/- 65.9)  GXE  67.0%
  kiyotah_abomasnow       1654.8  (RD  33.0, 95% CI +/- 65.9)  GXE  64.4%
  pixiux_lucario_v63      1654.8  (RD  33.0, 95% CI +/- 65.9)  GXE  64.4%
  kiyotah_dragapult       1646.5  (RD  33.0, 95% CI +/- 65.9)  GXE  63.7%
  wmh_garchomp            1642.3  (RD  33.0, 95% CI +/- 65.9)  GXE  63.3%
  prvsiyan_control_v11    1625.5  (RD  33.0, 95% CI +/- 65.9)  GXE  61.8%
  ryotasueyoshi_alakazam  1625.5  (RD  33.0, 95% CI +/- 65.9)  GXE  61.8%
  tb_iono                 1621.3  (RD  33.0, 95% CI +/- 65.9)  GXE  61.4%
  kiyotah_iono            1617.2  (RD  33.0, 95% CI +/- 65.9)  GXE  61.1%[fallback-diag] end-of-run summary (fallbacks/decisions; first occurrences in the result JSON):
[fallback-diag] mechi22_alakazam: 0/16217 = 0.00%  by_reason={'deck_returns': 250, 'policy_ok': 16217}
[fallback-diag] wmh_alakazam: 0/14606 = 0.00%  by_reason={'deck_returns': 250, 'policy_ok': 14606}
[fallback-diag] wmh_bellibolt: 0/18942 = 0.00%  by_reason={'deck_returns': 250, 'policy_ok': 18942}
[fallback-diag] wmh_typhlosion: 0/17206 = 0.00%  by_reason={'deck_returns': 250, 'policy_ok': 17206}

  wmh_megastarmie         1596.2  (RD  33.0, 95% CI +/- 65.9)  GXE  59.1%
  wmh_trevenant           1587.9  (RD  33.0, 95% CI +/- 65.9)  GXE  58.4%
  biohack44_day2          1583.7  (RD  33.0, 95% CI +/- 65.9)  GXE  58.0%
  tb_alakazam             1575.3  (RD  33.0, 95% CI +/- 65.9)  GXE  57.2%
  tb_abomasnow            1571.1  (RD  33.0, 95% CI +/- 65.9)  GXE  56.8%
  wmh_froslass            1512.6  (RD  33.0, 95% CI +/- 65.9)  GXE  51.2%
  jek1wantaufik_lucario   1510.5  (RD  33.0, 95% CI +/- 65.9)  GXE  51.0%
  tb_lucario              1437.2  (RD  33.0, 95% CI +/- 65.9)  GXE  44.0%
  tb_rulecore             1418.4  (RD  33.0, 95% CI +/- 65.9)  GXE  42.2%
  wmh_typhlosion          1387.0  (RD  33.0, 95% CI +/- 65.9)  GXE  39.3%
  tb_search               1353.5  (RD  33.0, 95% CI +/- 65.9)  GXE  36.3%
  wmh_chandelure          1311.7  (RD  33.0, 95% CI +/- 65.9)  GXE  32.7%
  wmh_grimmsnarl          1307.5  (RD  33.0, 95% CI +/- 65.9)  GXE  32.3%
  wmh_mewtwo              1303.3  (RD  33.0, 95% CI +/- 65.9)  GXE  32.0%
  wmh_bellibolt           1278.2  (RD  33.0, 95% CI +/- 65.9)  GXE  29.9%
  avikdas567_heuristic    1202.9  (RD  33.0, 95% CI +/- 65.9)  GXE  24.2%
  prvsiyan_grimbelief_alakazam  1198.7  (RD  33.0, 95% CI +/- 65.9)  GXE  23.9%
  tb_heuristic            1186.2  (RD  33.0, 95% CI +/- 65.9)  GXE  23.0%
  makimakiai_rl           1165.3  (RD  33.0, 95% CI +/- 65.9)  GXE  21.7%
  wmh_ogerpon             1144.3  (RD  33.0, 95% CI +/- 65.9)  GXE  20.3%
  tb_starmie              1131.8  (RD  33.0, 95% CI +/- 65.9)  GXE  19.5%
  wmh_kangaskhan          1127.6  (RD  33.0, 95% CI +/- 65.9)  GXE  19.3%
  random_legal            1089.9  (RD  33.0, 95% CI +/- 65.9)  GXE  17.1%

=== Fallback diagnostics (fraction of decisions that hit a fallback layer) ===
  mechi22_alakazam       fallback_rate= 0.00%  decisions=16217  raw={'deck_returns': 250, 'decisions': 16217, 'policy_ok': 16217, 'fallback_rate': 0.0}
  wmh_alakazam           fallback_rate= 0.00%  decisions=14606  raw={'decisions': 14606, 'policy_ok': 14606, 'policy_fallback': 0, 'obs_fallback': 0, 'deck_returns': 250, 'errors': {}, 'fallback_rate': 0.0}
  wmh_bellibolt          fallback_rate= 0.00%  decisions=18942  raw={'decisions': 18942, 'policy_ok': 18942, 'policy_fallback': 0, 'obs_fallback': 0, 'deck_returns': 250, 'errors': {}, 'chosen_types': {}, 'attack_ids_chosen': {}, 'fallback_rate': 0.0}
  wmh_typhlosion         fallback_rate= 0.00%  decisions=17206  raw={'decisions': 17206, 'policy_ok': 17206, 'policy_fallback': 0, 'obs_fallback': 0, 'deck_returns': 250, 'errors': {}, 'fallback_rate': 0.0}

total wall clock: 1627.2s
saved: reports/il_sweep/poolv3_rr/pool_round_robin.json
glicko: not persisted (isolated run)
